;time;status;count
0;00h 00;reversed;7
1;00h 00;approved;33
2;00h 00;processing;12
3;00h 00;denied;3
4;00h 00;backend_reversed;2
5;00h 01;approved;41
6;00h 01;backend_reversed;2
7;00h 01;reversed;4
8;00h 01;processing;3
9;00h 01;denied;15
10;00h 02;reversed;14
11;00h 02;backend_reversed;4
12;00h 02;processing;8
13;00h 02;approved;35
14;00h 02;denied;7
15;00h 03;denied;6
16;00h 03;backend_reversed;5
17;00h 03;approved;29
18;00h 03;processing;7
19;00h 03;reversed;16
20;00h 04;processing;2
21;00h 04;reversed;14
22;00h 04;backend_reversed;6
23;00h 04;approved;27
24;00h 04;denied;7
25;00h 05;approved;37
26;00h 05;reversed;8
27;00h 05;denied;6
28;00h 06;approved;28
29;00h 06;reversed;9
30;00h 06;denied;6
31;00h 07;processing;1
32;00h 07;backend_reversed;4
33;00h 07;denied;5
34;00h 07;approved;30
35;00h 07;reversed;3
36;00h 08;processing;9
37;00h 08;reversed;8
38;00h 08;backend_reversed;8
39;00h 08;approved;25
40;00h 09;approved;23
41;00h 09;reversed;17
42;00h 09;denied;5
43;00h 09;backend_reversed;9
44;00h 09;processing;7
45;00h 10;denied;1
46;00h 10;processing;7
47;00h 10;reversed;11
48;00h 10;backend_reversed;14
49;00h 11;backend_reversed;7
50;00h 11;approved;21
51;00h 11;processing;4
52;00h 11;denied;3
53;00h 11;reversed;10
54;00h 12;approved;27
55;00h 12;processing;6
56;00h 12;denied;11
57;00h 12;refunded;1
58;00h 12;backend_reversed;9
59;00h 12;reversed;11
60;00h 13;approved;48
61;00h 13;denied;8
62;00h 14;approved;47
63;00h 14;denied;5
64;00h 15;approved;24
65;00h 15;reversed;10
66;00h 15;denied;5
67;00h 16;refunded;3
68;00h 16;denied;6
69;00h 16;reversed;11
70;00h 16;approved;17
71;00h 17;reversed;14
72;00h 17;denied;2
73;00h 17;approved;42
74;00h 17;refunded;1
75;00h 18;approved;41
76;00h 18;denied;3
77;00h 19;approved;20
78;00h 20;denied;6
79;00h 20;approved;41
80;00h 21;approved;26
81;00h 21;reversed;6
82;00h 21;denied;6
83;00h 22;approved;41
84;00h 22;denied;7
85;00h 23;denied;5
86;00h 23;approved;41
87;00h 24;refunded;2
88;00h 24;approved;43
89;00h 24;denied;11
90;00h 25;approved;26
91;00h 25;denied;4
92;00h 25;reversed;7
93;00h 26;approved;14
94;00h 27;approved;41
95;00h 28;approved;23
96;00h 28;denied;4
97;00h 29;approved;16
98;00h 29;denied;3
99;00h 30;denied;7
100;00h 30;approved;33
101;00h 31;approved;22
102;00h 31;denied;4
103;00h 32;approved;37
104;00h 33;denied;2
105;00h 33;approved;30
106;00h 34;denied;2
107;00h 34;approved;28
108;00h 35;approved;27
109;00h 36;denied;2
110;00h 36;approved;14
111;00h 36;reversed;1
112;00h 37;denied;5
113;00h 37;approved;26
114;00h 38;approved;31
115;00h 38;denied;4
116;01h 38;approved;30
117;01h 39;approved;12
118;01h 40;approved;21
119;01h 40;denied;2
120;01h 41;reversed;6
121;01h 41;approved;22
122;01h 42;reversed;8
123;01h 42;approved;20
124;01h 43;reversed;5
125;01h 43;approved;17
126;01h 43;refunded;3
127;01h 44;reversed;4
128;01h 44;approved;9
129;01h 45;approved;33
130;01h 46;approved;24
131;01h 46;reversed;2
132;01h 47;approved;20
133;01h 48;approved;16
134;01h 49;approved;25
135;01h 50;approved;32
136;01h 52;approved;34
137;01h 53;approved;16
138;01h 54;denied;5
139;01h 55;approved;5
140;01h 56;approved;12
141;01h 56;denied;2
142;01h 57;approved;32
143;01h 58;approved;28
144;02h 00;approved;11
145;02h 01;approved;13
146;02h 02;approved;8
147;02h 03;approved;22
148;02h 04;approved;7
149;02h 05;approved;31
150;02h 05;denied;4
151;02h 06;approved;26
152;02h 07;denied;3
153;02h 07;approved;31
154;02h 08;approved;22
155;02h 09;approved;22
156;02h 10;approved;7
157;02h 11;approved;3
158;02h 11;reversed;2
159;02h 12;approved;23
160;02h 14;denied;4
161;02h 15;approved;10
162;02h 15;denied;5
163;02h 17;approved;23
164;02h 18;approved;10
165;02h 19;approved;19
166;02h 20;approved;17
167;02h 21;approved;23
168;02h 22;approved;23
169;02h 23;approved;11
170;02h 24;approved;15
171;02h 25;approved;9
172;02h 26;approved;8
173;02h 27;approved;3
174;02h 28;approved;23
175;02h 29;approved;16
176;02h 30;approved;19
177;02h 31;approved;17
178;02h 32;approved;30
179;02h 33;approved;5
180;02h 35;approved;1
181;02h 36;approved;3
182;02h 37;denied;5
183;02h 37;approved;21
184;02h 38;denied;5
185;02h 39;approved;2
186;02h 40;approved;14
187;02h 41;approved;21
188;02h 42;approved;26
189;02h 43;approved;27
190;02h 44;approved;14
191;02h 45;approved;22
192;02h 46;approved;28
193;02h 47;approved;9
194;02h 48;approved;18
195;02h 49;approved;18
196;02h 50;approved;30
197;02h 51;approved;6
198;02h 52;approved;20
199;02h 53;approved;27
200;02h 54;denied;5
201;02h 56;approved;15
202;02h 58;denied;3
203;02h 58;approved;5
204;03h 01;denied;3
205;03h 02;approved;24
206;03h 03;approved;8
207;03h 03;denied;5
208;03h 06;approved;22
209;03h 07;approved;14
210;03h 07;denied;5
211;03h 08;approved;4
212;03h 09;denied;3
213;03h 10;denied;3
214;03h 14;approved;18
215;03h 15;approved;14
216;03h 17;denied;5
217;03h 17;approved;26
218;03h 18;denied;4
219;03h 20;approved;29
220;03h 24;denied;4
221;03h 26;denied;1
222;03h 28;approved;26
223;03h 29;approved;28
224;03h 30;approved;12
225;03h 33;denied;5
226;03h 33;approved;30
227;03h 34;denied;3
228;03h 34;approved;9
229;03h 34;reversed;3
230;03h 35;approved;27
231;03h 36;approved;20
232;03h 37;backend_reversed;1
233;03h 37;approved;1
234;03h 38;backend_reversed;1
235;03h 38;approved;9
236;03h 39;approved;15
237;03h 39;denied;1
238;03h 40;approved;31
239;03h 40;denied;3
240;03h 41;denied;2
241;03h 42;approved;23
242;03h 42;denied;4
243;03h 43;denied;4
244;03h 43;approved;28
245;03h 44;reversed;4
246;03h 44;approved;4
247;03h 45;approved;20
248;03h 46;denied;5
249;03h 47;backend_reversed;8
250;03h 47;approved;17
251;03h 48;approved;6
252;03h 49;approved;9
253;03h 50;denied;5
254;03h 50;reversed;2
255;03h 50;approved;11
256;03h 51;approved;13
257;03h 52;denied;2
258;03h 52;approved;23
259;03h 53;denied;1
260;03h 53;approved;7
261;03h 54;approved;23
262;03h 55;approved;30
263;03h 57;approved;1
264;03h 58;approved;16
265;04h 03;approved;18
266;04h 03;denied;2
267;04h 06;approved;8
268;04h 11;approved;6
269;04h 12;approved;8
270;04h 13;denied;2
271;04h 13;approved;31
272;04h 14;approved;10
273;04h 15;approved;12
274;04h 18;approved;29
275;04h 19;approved;12
276;04h 20;approved;19
277;04h 22;approved;1
278;04h 23;approved;3
279;04h 28;approved;28
280;04h 28;denied;5
281;04h 29;approved;16
282;04h 31;approved;30
283;04h 33;approved;9
284;04h 41;approved;32
285;04h 42;approved;30
286;04h 43;approved;22
287;04h 44;approved;17
288;04h 46;approved;14
289;04h 47;approved;22
290;04h 48;approved;13
291;04h 49;approved;4
292;04h 52;approved;29
293;04h 55;approved;28
294;04h 56;approved;30
295;04h 58;approved;9
296;05h 00;approved;3
297;05h 01;approved;31
298;05h 02;approved;17
299;05h 04;approved;23
300;05h 05;approved;10
301;05h 06;denied;2
302;05h 06;approved;19
303;05h 07;denied;2
304;05h 07;approved;18
305;05h 08;approved;12
306;05h 09;approved;4
307;05h 10;denied;4
308;05h 12;approved;28
309;05h 12;denied;5
310;05h 13;approved;32
311;05h 13;denied;5
312;05h 14;approved;17
313;05h 15;denied;3
314;05h 15;approved;20
315;05h 16;approved;27
316;05h 17;approved;10
317;05h 18;approved;18
318;05h 19;approved;31
319;05h 21;approved;27
320;05h 22;approved;7
321;05h 23;approved;25
322;05h 25;approved;12
323;05h 25;denied;1
324;05h 26;approved;17
325;05h 27;denied;4
326;05h 27;approved;10
327;05h 28;denied;3
328;05h 28;approved;4
329;05h 30;approved;14
330;05h 31;approved;8
331;05h 32;approved;31
332;05h 32;denied;3
333;05h 33;approved;24
334;05h 34;denied;6
335;05h 34;approved;29
336;05h 35;denied;4
337;05h 35;approved;11
338;05h 36;approved;12
339;05h 36;refunded;3
340;05h 36;denied;4
341;05h 37;denied;4
342;05h 37;approved;13
343;05h 38;denied;5
344;05h 38;approved;22
345;05h 39;approved;16
346;05h 40;approved;26
347;05h 40;denied;2
348;05h 41;approved;27
349;05h 42;denied;1
350;05h 42;approved;30
351;05h 43;approved;26
352;05h 44;approved;7
353;05h 44;reversed;7
354;05h 44;denied;4
355;05h 45;approved;14
356;05h 45;denied;6
357;05h 46;approved;11
358;05h 46;denied;5
359;05h 47;denied;4
360;05h 47;approved;27
361;05h 48;denied;5
362;05h 48;approved;12
363;05h 49;backend_reversed;4
364;05h 49;approved;28
365;05h 49;denied;4
366;05h 49;reversed;9
367;05h 50;approved;34
368;05h 51;approved;32
369;05h 51;reversed;7
370;05h 52;approved;19
371;05h 52;denied;3
372;05h 53;denied;5
373;05h 53;approved;9
374;05h 53;reversed;1
375;05h 54;approved;23
376;05h 55;approved;13
377;05h 55;backend_reversed;8
378;05h 55;denied;4
379;05h 55;reversed;6
380;05h 56;approved;7
381;05h 57;denied;1
382;05h 57;approved;13
383;05h 57;reversed;6
384;05h 58;denied;6
385;05h 58;approved;35
386;05h 59;approved;20
387;05h 59;denied;5
388;06h 00;approved;28
389;06h 01;denied;5
390;06h 01;backend_reversed;7
391;06h 01;approved;12
392;06h 02;approved;39
393;06h 02;denied;4
394;06h 03;denied;3
395;06h 03;refunded;3
396;06h 03;approved;36
397;06h 03;reversed;7
398;06h 04;denied;4
399;06h 04;approved;32
400;06h 05;approved;23
401;06h 05;denied;4
402;06h 06;approved;34
403;06h 06;denied;10
404;06h 07;approved;46
405;06h 07;denied;6
406;06h 08;approved;34
407;06h 08;denied;4
408;06h 09;approved;39
409;06h 10;approved;27
410;06h 10;denied;7
411;06h 11;approved;15
412;06h 12;approved;33
413;06h 12;denied;1
414;06h 13;approved;44
415;06h 14;approved;36
416;06h 14;denied;3
417;06h 15;approved;30
418;06h 15;denied;5
419;06h 16;denied;6
420;06h 16;approved;26
421;06h 17;approved;31
422;06h 18;approved;44
423;06h 19;approved;40
424;06h 20;denied;4
425;06h 20;approved;32
426;06h 20;reversed;5
427;06h 21;approved;27
428;06h 21;denied;6
429;06h 22;approved;48
430;06h 22;denied;2
431;06h 23;approved;19
432;06h 23;denied;7
433;06h 24;approved;52
434;06h 24;denied;5
435;06h 25;denied;4
436;06h 25;approved;31
437;06h 26;denied;5
438;06h 26;approved;36
439;06h 27;approved;38
440;06h 27;refunded;3
441;06h 27;reversed;7
442;06h 27;denied;4
443;06h 28;approved;43
444;06h 28;denied;4
445;06h 29;approved;56
446;06h 29;denied;4
447;06h 30;denied;3
448;06h 30;approved;48
449;06h 31;approved;39
450;06h 31;denied;6
451;06h 32;approved;70
452;06h 32;denied;6
453;06h 33;denied;6
454;06h 33;approved;44
455;06h 34;approved;58
456;06h 34;denied;9
457;06h 35;denied;8
458;06h 35;approved;66
459;06h 36;denied;6
460;06h 36;approved;56
461;06h 36;reversed;4
462;06h 37;denied;7
463;06h 37;approved;54
464;06h 38;denied;8
465;06h 38;approved;55
466;06h 39;approved;45
467;06h 39;denied;5
468;06h 40;denied;3
469;06h 40;approved;35
470;06h 41;approved;42
471;06h 41;denied;7
472;06h 42;backend_reversed;7
473;06h 42;approved;74
474;06h 42;reversed;3
475;06h 42;denied;4
476;06h 43;approved;38
477;06h 43;denied;12
478;06h 44;denied;5
479;06h 44;approved;64
480;06h 45;approved;35
481;06h 45;denied;4
482;06h 46;approved;39
483;06h 46;reversed;5
484;06h 46;denied;6
485;06h 47;approved;46
486;06h 47;denied;8
487;06h 47;backend_reversed;1
488;06h 48;approved;73
489;06h 48;denied;6
490;06h 48;reversed;1
491;06h 49;denied;6
492;06h 49;approved;61
493;06h 50;approved;65
494;06h 50;denied;5
495;06h 51;approved;60
496;06h 51;denied;5
497;06h 51;reversed;3
498;06h 52;approved;80
499;06h 52;denied;6
500;06h 53;denied;12
501;06h 53;approved;68
502;06h 53;refunded;3
503;06h 54;approved;73
504;06h 54;denied;10
505;06h 55;approved;73
506;06h 55;denied;10
507;06h 56;approved;52
508;06h 56;denied;2
509;06h 57;approved;59
510;06h 57;denied;9
511;06h 58;approved;83
512;06h 58;denied;9
513;06h 59;denied;4
514;06h 59;approved;43
515;07h 00;denied;7
516;07h 00;approved;66
517;07h 01;approved;84
518;07h 01;reversed;9
519;07h 01;denied;7
520;07h 02;approved;83
521;07h 02;denied;15
522;07h 03;approved;83
523;07h 03;denied;3
524;07h 03;refunded;2
525;07h 04;denied;9
526;07h 04;approved;77
527;07h 05;approved;97
528;07h 05;denied;7
529;07h 06;denied;7
530;07h 06;approved;73
531;07h 07;approved;83
532;07h 07;denied;11
533;07h 07;reversed;6
534;07h 08;approved;94
535;07h 08;reversed;4
536;07h 08;denied;9
537;07h 09;refunded;2
538;07h 09;approved;69
539;07h 09;denied;11
540;07h 10;denied;15
541;07h 10;approved;96
542;07h 11;approved;72
543;07h 11;denied;17
544;07h 12;approved;84
545;07h 12;denied;10
546;07h 12;reversed;4
547;07h 13;approved;98
548;07h 13;denied;13
549;07h 14;approved;79
550;07h 14;denied;13
551;07h 15;approved;91
552;07h 15;refunded;1
553;07h 15;denied;8
554;07h 16;approved;105
555;07h 16;reversed;10
556;07h 16;denied;6
557;07h 17;approved;89
558;07h 17;denied;9
559;07h 18;approved;82
560;07h 18;denied;6
561;07h 19;denied;10
562;07h 19;approved;100
563;07h 20;approved;93
564;07h 20;denied;16
565;07h 21;denied;13
566;07h 21;approved;89
567;07h 21;refunded;3
568;07h 22;denied;6
569;07h 22;approved;93
570;07h 23;approved;98
571;07h 23;denied;8
572;07h 24;denied;7
573;07h 24;approved;87
574;07h 25;approved;86
575;07h 25;denied;5
576;07h 26;approved;85
577;07h 26;denied;14
578;07h 27;approved;102
579;07h 27;denied;8
580;07h 28;denied;9
581;07h 28;approved;84
582;07h 29;approved;106
583;07h 29;denied;10
584;07h 30;reversed;8
585;07h 30;approved;89
586;07h 30;denied;18
587;07h 31;refunded;2
588;07h 31;approved;122
589;07h 31;denied;7
590;07h 32;denied;10
591;07h 32;approved;111
592;07h 33;denied;6
593;07h 33;approved;86
594;07h 33;refunded;2
595;07h 34;denied;10
596;07h 34;approved;107
597;07h 34;reversed;3
598;07h 35;approved;73
599;07h 35;denied;6
600;07h 36;denied;13
601;07h 36;approved;116
602;07h 37;approved;95
603;07h 37;denied;14
604;07h 38;denied;9
605;07h 38;refunded;1
606;07h 38;approved;101
607;07h 39;denied;8
608;07h 39;approved;104
609;07h 40;refunded;3
610;07h 40;approved;101
611;07h 40;denied;22
612;07h 40;reversed;6
613;07h 41;reversed;9
614;07h 41;denied;9
615;07h 41;approved;115
616;07h 42;denied;11
617;07h 42;refunded;3
618;07h 42;reversed;1
619;07h 42;approved;118
620;07h 43;backend_reversed;8
621;07h 43;approved;129
622;07h 43;denied;13
623;07h 44;refunded;1
624;07h 44;denied;9
625;07h 44;approved;123
626;07h 45;approved;119
627;07h 45;refunded;1
628;07h 45;denied;19
629;07h 46;refunded;1
630;07h 46;reversed;6
631;07h 46;approved;120
632;07h 46;denied;13
633;07h 47;approved;114
634;07h 47;denied;10
635;07h 48;approved;108
636;07h 48;refunded;3
637;07h 48;reversed;6
638;07h 48;denied;17
639;07h 49;denied;23
640;07h 49;approved;118
641;07h 50;approved;141
642;07h 50;denied;20
643;07h 51;denied;14
644;07h 51;refunded;2
645;07h 51;approved;105
646;07h 51;reversed;3
647;07h 52;reversed;8
648;07h 52;denied;15
649;07h 52;approved;127
650;07h 53;denied;17
651;07h 53;approved;131
652;07h 53;refunded;1
653;07h 54;denied;19
654;07h 54;reversed;1
655;07h 54;approved;114
656;07h 55;denied;11
657;07h 55;approved;119
658;07h 56;approved;144
659;07h 56;denied;13
660;07h 56;reversed;8
661;07h 57;approved;122
662;07h 57;denied;16
663;07h 57;reversed;4
664;07h 58;denied;20
665;07h 58;approved;131
666;07h 59;denied;20
667;07h 59;approved;137
668;07h 59;refunded;5
669;08h 00;denied;18
670;08h 00;approved;141
671;08h 01;approved;152
672;08h 01;denied;16
673;08h 01;backend_reversed;3
674;08h 02;backend_reversed;4
675;08h 02;denied;19
676;08h 02;approved;133
677;08h 03;approved;154
678;08h 03;reversed;3
679;08h 03;denied;24
680;08h 03;failed;1
681;08h 04;approved;146
682;08h 04;denied;13
683;08h 04;reversed;2
684;08h 04;refunded;3
685;08h 05;denied;15
686;08h 05;refunded;3
687;08h 05;reversed;3
688;08h 05;approved;170
689;08h 06;approved;169
690;08h 06;denied;20
691;08h 06;reversed;8
692;08h 07;reversed;9
693;08h 07;approved;146
694;08h 07;denied;14
695;08h 08;approved;178
696;08h 08;refunded;3
697;08h 08;denied;16
698;08h 09;approved;163
699;08h 09;denied;18
700;08h 10;approved;137
701;08h 10;denied;23
702;08h 10;refunded;4
703;08h 10;reversed;6
704;08h 11;denied;25
705;08h 11;approved;169
706;08h 12;denied;21
707;08h 12;approved;153
708;08h 12;reversed;5
709;08h 13;denied;18
710;08h 13;approved;181
711;08h 14;approved;195
712;08h 14;denied;19
713;08h 14;refunded;2
714;08h 15;approved;164
715;08h 15;refunded;2
716;08h 15;denied;14
717;08h 15;reversed;4
718;08h 16;denied;20
719;08h 16;approved;201
720;08h 17;approved;216
721;08h 17;reversed;2
722;08h 17;denied;19
723;08h 17;refunded;3
724;08h 17;backend_reversed;2
725;08h 18;denied;24
726;08h 18;reversed;4
727;08h 18;approved;200
728;08h 19;denied;13
729;08h 19;approved;188
730;08h 20;approved;204
731;08h 20;denied;17
732;08h 21;approved;182
733;08h 21;reversed;11
734;08h 21;denied;26
735;08h 21;refunded;1
736;08h 22;approved;189
737;08h 22;reversed;11
738;08h 22;denied;17
739;08h 23;approved;214
740;08h 23;refunded;1
741;08h 23;denied;20
742;08h 24;denied;16
743;08h 24;approved;208
744;08h 24;reversed;3
745;08h 25;reversed;2
746;08h 25;denied;24
747;08h 25;refunded;2
748;08h 25;approved;207
749;08h 26;approved;186
750;08h 26;refunded;2
751;08h 26;denied;24
752;08h 27;refunded;1
753;08h 27;approved;194
754;08h 27;denied;20
755;08h 28;denied;25
756;08h 28;approved;248
757;08h 29;refunded;4
758;08h 29;approved;236
759;08h 29;denied;32
760;08h 30;approved;220
761;08h 30;denied;16
762;08h 30;reversed;6
763;08h 31;approved;219
764;08h 31;denied;24
765;08h 32;approved;208
766;08h 32;denied;27
767;08h 32;reversed;2
768;08h 33;approved;239
769;08h 33;refunded;2
770;08h 33;denied;23
771;08h 34;approved;220
772;08h 34;backend_reversed;4
773;08h 34;denied;26
774;08h 34;refunded;2
775;08h 35;approved;206
776;08h 35;backend_reversed;2
777;08h 35;denied;15
778;08h 36;approved;206
779;08h 36;reversed;11
780;08h 36;refunded;4
781;08h 36;denied;23
782;08h 37;approved;200
783;08h 37;denied;26
784;08h 37;reversed;10
785;08h 38;denied;29
786;08h 38;refunded;1
787;08h 38;approved;234
788;08h 39;approved;245
789;08h 39;denied;27
790;08h 39;reversed;1
791;08h 40;approved;236
792;08h 40;denied;26
793;08h 40;reversed;2
794;08h 40;refunded;4
795;08h 41;denied;18
796;08h 41;approved;241
797;08h 41;refunded;4
798;08h 42;backend_reversed;2
799;08h 42;approved;227
800;08h 42;refunded;3
801;08h 42;denied;28
802;08h 43;approved;227
803;08h 43;denied;33
804;08h 44;denied;24
805;08h 44;approved;247
806;08h 44;reversed;11
807;08h 45;reversed;11
808;08h 45;approved;244
809;08h 45;denied;30
810;08h 46;denied;39
811;08h 46;approved;240
812;08h 46;refunded;4
813;08h 47;denied;35
814;08h 47;refunded;2
815;08h 47;approved;241
816;08h 48;approved;253
817;08h 48;denied;35
818;08h 49;reversed;4
819;08h 49;refunded;3
820;08h 49;approved;259
821;08h 49;denied;32
822;08h 50;approved;238
823;08h 50;reversed;8
824;08h 50;denied;24
825;08h 50;refunded;1
826;08h 51;refunded;3
827;08h 51;approved;287
828;08h 51;denied;29
829;08h 51;backend_reversed;7
830;08h 51;reversed;11
831;08h 52;approved;242
832;08h 52;denied;30
833;08h 52;refunded;1
834;08h 53;reversed;13
835;08h 53;denied;18
836;08h 53;approved;245
837;08h 53;refunded;3
838;08h 54;reversed;8
839;08h 54;denied;29
840;08h 54;backend_reversed;2
841;08h 54;approved;244
842;08h 55;denied;33
843;08h 55;refunded;2
844;08h 55;approved;246
845;08h 56;approved;275
846;08h 56;denied;35
847;08h 57;approved;275
848;08h 57;reversed;11
849;08h 57;denied;26
850;08h 58;approved;246
851;08h 58;denied;26
852;08h 58;refunded;2
853;08h 59;denied;36
854;08h 59;approved;276
855;08h 59;reversed;9
856;08h 59;refunded;2
857;09h 00;denied;31
858;09h 00;refunded;2
859;09h 00;approved;252
860;09h 01;refunded;2
861;09h 01;denied;27
862;09h 01;approved;269
863;09h 02;denied;28
864;09h 02;approved;261
865;09h 02;reversed;3
866;09h 03;denied;26
867;09h 03;approved;292
868;09h 03;refunded;5
869;09h 03;reversed;9
870;09h 04;reversed;11
871;09h 04;approved;285
872;09h 04;denied;36
873;09h 04;refunded;2
874;09h 05;approved;287
875;09h 05;denied;32
876;09h 05;refunded;3
877;09h 05;processing;2
878;09h 06;refunded;3
879;09h 06;denied;30
880;09h 06;backend_reversed;6
881;09h 06;reversed;9
882;09h 06;approved;317
883;09h 07;backend_reversed;2
884;09h 07;denied;31
885;09h 07;refunded;3
886;09h 07;approved;300
887;09h 07;reversed;1
888;09h 08;approved;302
889;09h 08;denied;24
890;09h 08;backend_reversed;7
891;09h 08;reversed;7
892;09h 09;approved;261
893;09h 09;reversed;12
894;09h 09;refunded;1
895;09h 09;denied;33
896;09h 10;approved;316
897;09h 10;refunded;4
898;09h 10;denied;25
899;09h 10;reversed;3
900;09h 11;approved;306
901;09h 11;refunded;2
902;09h 11;denied;43
903;09h 12;refunded;2
904;09h 12;approved;335
905;09h 12;denied;31
906;09h 12;reversed;6
907;09h 13;approved;304
908;09h 13;reversed;8
909;09h 13;denied;35
910;09h 14;denied;26
911;09h 14;refunded;2
912;09h 14;approved;303
913;09h 15;denied;36
914;09h 15;refunded;2
915;09h 15;approved;298
916;09h 16;denied;29
917;09h 16;reversed;12
918;09h 16;approved;326
919;09h 17;denied;39
920;09h 17;approved;282
921;09h 17;reversed;1
922;09h 18;denied;41
923;09h 18;approved;331
924;09h 19;refunded;2
925;09h 19;approved;338
926;09h 19;denied;40
927;09h 19;reversed;9
928;09h 20;reversed;8
929;09h 20;approved;313
930;09h 20;refunded;1
931;09h 20;denied;34
932;09h 21;approved;293
933;09h 21;denied;36
934;09h 21;reversed;11
935;09h 21;refunded;4
936;09h 22;refunded;2
937;09h 22;reversed;11
938;09h 22;approved;323
939;09h 22;denied;32
940;09h 23;reversed;4
941;09h 23;denied;23
942;09h 23;approved;291
943;09h 24;denied;30
944;09h 24;approved;298
945;09h 25;approved;306
946;09h 25;denied;37
947;09h 25;reversed;8
948;09h 26;reversed;5
949;09h 26;refunded;3
950;09h 26;denied;32
951;09h 26;approved;333
952;09h 27;approved;345
953;09h 27;refunded;4
954;09h 27;denied;28
955;09h 28;approved;334
956;09h 28;reversed;4
957;09h 28;denied;46
958;09h 28;refunded;4
959;09h 29;denied;36
960;09h 29;approved;329
961;09h 29;reversed;5
962;09h 30;refunded;2
963;09h 30;reversed;14
964;09h 30;approved;332
965;09h 30;denied;47
966;09h 30;backend_reversed;1
967;09h 31;approved;323
968;09h 31;reversed;4
969;09h 31;refunded;5
970;09h 31;denied;39
971;09h 32;approved;245
972;09h 32;denied;20
973;09h 32;reversed;11
974;09h 33;denied;26
975;09h 33;approved;124
976;09h 33;reversed;10
977;09h 34;approved;288
978;09h 34;reversed;20
979;09h 34;refunded;1
980;09h 34;denied;40
981;09h 35;refunded;2
982;09h 35;approved;487
983;09h 35;denied;35
984;09h 35;reversed;15
985;09h 36;approved;384
986;09h 36;denied;38
987;09h 36;backend_reversed;4
988;09h 36;reversed;8
989;09h 36;refunded;2
990;09h 37;denied;30
991;09h 37;approved;350
992;09h 37;refunded;4
993;09h 37;reversed;3
994;09h 38;denied;34
995;09h 38;refunded;8
996;09h 38;approved;338
997;09h 38;reversed;9
998;09h 39;approved;351
999;09h 39;reversed;8
1000;09h 39;denied;41
1001;09h 39;refunded;3
1002;09h 40;approved;337
1003;09h 40;reversed;6
1004;09h 40;denied;30
1005;09h 40;refunded;1
1006;09h 41;reversed;2
1007;09h 41;refunded;3
1008;09h 41;approved;321
1009;09h 41;denied;33
1010;09h 42;approved;378
1011;09h 42;denied;42
1012;09h 42;reversed;7
1013;09h 43;approved;306
1014;09h 43;reversed;12
1015;09h 43;refunded;1
1016;09h 43;denied;28
1017;09h 44;approved;388
1018;09h 44;denied;28
1019;09h 44;refunded;3
1020;09h 44;reversed;12
1021;09h 45;refunded;5
1022;09h 45;reversed;5
1023;09h 45;approved;352
1024;09h 45;denied;39
1025;09h 46;reversed;6
1026;09h 46;denied;37
1027;09h 46;approved;362
1028;09h 46;refunded;5
1029;09h 47;refunded;6
1030;09h 47;denied;44
1031;09h 47;reversed;10
1032;09h 47;approved;354
1033;09h 48;denied;45
1034;09h 48;refunded;1
1035;09h 48;reversed;5
1036;09h 48;backend_reversed;7
1037;09h 48;approved;341
1038;09h 49;backend_reversed;3
1039;09h 49;approved;366
1040;09h 49;refunded;1
1041;09h 49;denied;34
1042;09h 49;reversed;14
1043;09h 50;refunded;3
1044;09h 50;approved;320
1045;09h 50;denied;42
1046;09h 50;reversed;1
1047;09h 51;denied;30
1048;09h 51;refunded;2
1049;09h 51;reversed;11
1050;09h 51;approved;338
1051;09h 52;approved;368
1052;09h 52;refunded;1
1053;09h 52;reversed;6
1054;09h 52;denied;33
1055;09h 53;approved;387
1056;09h 53;denied;33
1057;09h 53;reversed;2
1058;09h 53;refunded;3
1059;09h 54;denied;31
1060;09h 54;approved;381
1061;09h 54;reversed;6
1062;09h 54;refunded;3
1063;09h 55;approved;375
1064;09h 55;refunded;5
1065;09h 55;denied;51
1066;09h 56;reversed;6
1067;09h 56;denied;36
1068;09h 56;refunded;4
1069;09h 56;approved;388
1070;09h 57;approved;371
1071;09h 57;denied;43
1072;09h 57;refunded;5
1073;09h 58;denied;39
1074;09h 58;reversed;7
1075;09h 58;approved;368
1076;09h 59;approved;366
1077;09h 59;denied;40
1078;09h 59;reversed;10
1079;09h 59;backend_reversed;6
1080;10h 00;reversed;5
1081;10h 00;denied;29
1082;10h 00;approved;339
1083;10h 00;refunded;2
1084;10h 01;approved;352
1085;10h 01;refunded;4
1086;10h 01;reversed;10
1087;10h 01;denied;30
1088;10h 02;denied;35
1089;10h 02;approved;376
1090;10h 02;reversed;11
1091;10h 02;refunded;4
1092;10h 03;approved;381
1093;10h 03;reversed;13
1094;10h 03;denied;42
1095;10h 04;denied;33
1096;10h 04;reversed;12
1097;10h 04;approved;404
1098;10h 04;refunded;2
1099;10h 05;approved;360
1100;10h 05;refunded;2
1101;10h 05;denied;39
1102;10h 05;reversed;4
1103;10h 06;approved;371
1104;10h 06;reversed;3
1105;10h 06;refunded;4
1106;10h 06;denied;30
1107;10h 07;denied;25
1108;10h 07;backend_reversed;1
1109;10h 07;approved;365
1110;10h 07;reversed;7
1111;10h 08;refunded;2
1112;10h 08;reversed;9
1113;10h 08;approved;350
1114;10h 08;denied;41
1115;10h 09;approved;354
1116;10h 09;refunded;3
1117;10h 09;denied;40
1118;10h 10;reversed;3
1119;10h 10;approved;351
1120;10h 10;denied;41
1121;10h 11;reversed;8
1122;10h 11;approved;380
1123;10h 11;denied;41
1124;10h 12;denied;48
1125;10h 12;reversed;12
1126;10h 12;approved;375
1127;10h 12;refunded;4
1128;10h 13;approved;376
1129;10h 13;denied;41
1130;10h 13;refunded;4
1131;10h 13;reversed;5
1132;10h 14;denied;39
1133;10h 14;reversed;11
1134;10h 14;refunded;1
1135;10h 14;approved;355
1136;10h 15;reversed;8
1137;10h 15;approved;338
1138;10h 15;refunded;1
1139;10h 15;denied;37
1140;10h 16;approved;368
1141;10h 16;refunded;3
1142;10h 16;denied;26
1143;10h 16;backend_reversed;4
1144;10h 16;reversed;5
1145;10h 17;approved;421
1146;10h 17;reversed;11
1147;10h 17;denied;37
1148;10h 17;refunded;1
1149;10h 17;backend_reversed;4
1150;10h 18;reversed;8
1151;10h 18;denied;50
1152;10h 18;approved;386
1153;10h 19;approved;355
1154;10h 19;backend_reversed;5
1155;10h 19;refunded;3
1156;10h 19;denied;40
1157;10h 19;reversed;11
1158;10h 20;denied;31
1159;10h 20;reversed;8
1160;10h 20;approved;369
1161;10h 20;refunded;2
1162;10h 21;approved;386
1163;10h 21;reversed;10
1164;10h 21;refunded;2
1165;10h 21;denied;30
1166;10h 22;denied;41
1167;10h 22;approved;368
1168;10h 22;reversed;7
1169;10h 23;approved;374
1170;10h 23;refunded;2
1171;10h 23;reversed;2
1172;10h 23;denied;37
1173;10h 24;reversed;3
1174;10h 24;approved;394
1175;10h 24;denied;45
1176;10h 25;refunded;1
1177;10h 25;denied;43
1178;10h 25;approved;385
1179;10h 26;denied;38
1180;10h 26;approved;346
1181;10h 27;refunded;2
1182;10h 27;denied;43
1183;10h 27;approved;386
1184;10h 28;approved;409
1185;10h 28;reversed;8
1186;10h 28;denied;35
1187;10h 29;approved;377
1188;10h 29;reversed;5
1189;10h 29;refunded;4
1190;10h 29;denied;54
1191;10h 30;denied;41
1192;10h 30;approved;397
1193;10h 30;reversed;2
1194;10h 31;refunded;2
1195;10h 31;denied;34
1196;10h 31;approved;365
1197;10h 32;reversed;7
1198;10h 32;denied;39
1199;10h 32;approved;369
1200;10h 32;refunded;5
1201;10h 33;denied;35
1202;10h 33;approved;373
1203;10h 33;refunded;2
1204;10h 33;reversed;9
1205;10h 34;denied;59
1206;10h 34;reversed;10
1207;10h 34;refunded;2
1208;10h 34;approved;392
1209;10h 35;denied;35
1210;10h 35;approved;371
1211;10h 35;refunded;1
1212;10h 36;denied;42
1213;10h 36;reversed;4
1214;10h 36;approved;376
1215;10h 37;approved;385
1216;10h 37;denied;37
1217;10h 37;refunded;1
1218;10h 38;denied;34
1219;10h 38;reversed;10
1220;10h 38;approved;380
1221;10h 38;refunded;3
1222;10h 39;approved;385
1223;10h 39;denied;44
1224;10h 39;refunded;2
1225;10h 39;reversed;12
1226;10h 40;backend_reversed;6
1227;10h 40;approved;362
1228;10h 40;denied;47
1229;10h 40;reversed;6
1230;10h 40;refunded;1
1231;10h 41;reversed;10
1232;10h 41;approved;401
1233;10h 41;refunded;2
1234;10h 41;denied;40
1235;10h 42;approved;377
1236;10h 42;denied;51
1237;10h 43;reversed;3
1238;10h 43;approved;381
1239;10h 43;denied;57
1240;10h 43;refunded;3
1241;10h 44;denied;46
1242;10h 44;approved;398
1243;10h 45;reversed;6
1244;10h 45;approved;383
1245;10h 45;denied;27
1246;10h 46;denied;43
1247;10h 46;reversed;6
1248;10h 46;refunded;2
1249;10h 46;approved;370
1250;10h 47;denied;47
1251;10h 47;backend_reversed;7
1252;10h 47;approved;358
1253;10h 47;reversed;12
1254;10h 47;refunded;2
1255;10h 48;denied;41
1256;10h 48;refunded;2
1257;10h 48;approved;418
1258;10h 48;reversed;7
1259;10h 49;denied;43
1260;10h 49;reversed;11
1261;10h 49;approved;382
1262;10h 49;refunded;1
1263;10h 49;backend_reversed;6
1264;10h 50;reversed;6
1265;10h 50;backend_reversed;5
1266;10h 50;failed;2
1267;10h 50;approved;391
1268;10h 50;denied;45
1269;10h 51;denied;41
1270;10h 51;reversed;9
1271;10h 51;approved;344
1272;10h 51;backend_reversed;39
1273;10h 51;refunded;3
1274;10h 52;reversed;8
1275;10h 52;denied;38
1276;10h 52;approved;354
1277;10h 52;backend_reversed;41
1278;10h 52;refunded;2
1279;10h 53;backend_reversed;61
1280;10h 53;denied;36
1281;10h 53;reversed;6
1282;10h 53;refunded;3
1283;10h 53;approved;354
1284;10h 54;approved;349
1285;10h 54;reversed;20
1286;10h 54;denied;45
1287;10h 54;refunded;2
1288;10h 54;backend_reversed;51
1289;10h 55;backend_reversed;46
1290;10h 55;denied;34
1291;10h 55;reversed;20
1292;10h 55;approved;355
1293;10h 56;approved;439
1294;10h 56;backend_reversed;1
1295;10h 56;denied;50
1296;10h 56;reversed;6
1297;10h 57;denied;43
1298;10h 57;approved;386
1299;10h 57;reversed;9
1300;10h 58;reversed;8
1301;10h 58;backend_reversed;8
1302;10h 58;approved;373
1303;10h 58;denied;41
1304;10h 59;approved;389
1305;10h 59;denied;26
1306;11h 00;approved;379
1307;11h 00;refunded;3
1308;11h 00;denied;43
1309;11h 01;denied;43
1310;11h 01;reversed;12
1311;11h 01;approved;414
1312;11h 02;approved;406
1313;11h 02;denied;35
1314;11h 02;reversed;9
1315;11h 03;approved;382
1316;11h 03;denied;44
1317;11h 04;reversed;8
1318;11h 04;approved;411
1319;11h 04;backend_reversed;5
1320;11h 04;refunded;2
1321;11h 04;denied;37
1322;11h 05;reversed;8
1323;11h 05;approved;406
1324;11h 05;refunded;3
1325;11h 05;denied;35
1326;11h 06;denied;34
1327;11h 06;approved;399
1328;11h 06;reversed;10
1329;11h 07;approved;408
1330;11h 07;refunded;1
1331;11h 07;denied;35
1332;11h 07;reversed;14
1333;11h 08;refunded;3
1334;11h 08;approved;425
1335;11h 08;denied;50
1336;11h 08;reversed;4
1337;11h 09;denied;44
1338;11h 09;approved;428
1339;11h 09;refunded;2
1340;11h 09;reversed;12
1341;11h 10;approved;415
1342;11h 10;backend_reversed;4
1343;11h 10;reversed;12
1344;11h 10;denied;42
1345;11h 11;refunded;1
1346;11h 11;approved;452
1347;11h 11;reversed;17
1348;11h 11;denied;52
1349;11h 12;reversed;15
1350;11h 12;approved;359
1351;11h 12;denied;54
1352;11h 13;approved;415
1353;11h 13;denied;45
1354;11h 13;reversed;18
1355;11h 13;refunded;2
1356;11h 14;denied;37
1357;11h 14;refunded;4
1358;11h 14;approved;393
1359;11h 14;reversed;8
1360;11h 15;approved;383
1361;11h 15;reversed;4
1362;11h 15;denied;37
1363;11h 15;refunded;1
1364;11h 16;approved;372
1365;11h 16;denied;43
1366;11h 17;approved;344
1367;11h 17;backend_reversed;4
1368;11h 17;reversed;5
1369;11h 17;denied;49
1370;11h 18;reversed;8
1371;11h 18;denied;49
1372;11h 18;approved;415
1373;11h 18;refunded;3
1374;11h 19;approved;359
1375;11h 19;reversed;9
1376;11h 19;denied;25
1377;11h 20;approved;365
1378;11h 20;denied;39
1379;11h 20;reversed;14
1380;11h 20;failed;1
1381;11h 21;approved;381
1382;11h 21;refunded;1
1383;11h 21;denied;43
1384;11h 21;reversed;5
1385;11h 22;denied;42
1386;11h 22;approved;397
1387;11h 22;reversed;2
1388;11h 22;refunded;2
1389;11h 23;denied;38
1390;11h 23;approved;361
1391;11h 23;refunded;3
1392;11h 24;reversed;6
1393;11h 24;approved;392
1394;11h 24;refunded;5
1395;11h 24;backend_reversed;6
1396;11h 24;denied;46
1397;11h 25;denied;57
1398;11h 25;reversed;6
1399;11h 25;approved;381
1400;11h 26;denied;40
1401;11h 26;approved;384
1402;11h 26;refunded;2
1403;11h 26;reversed;10
1404;11h 27;backend_reversed;7
1405;11h 27;refunded;1
1406;11h 27;approved;369
1407;11h 27;denied;42
1408;11h 27;reversed;8
1409;11h 28;reversed;12
1410;11h 28;approved;406
1411;11h 28;refunded;3
1412;11h 28;backend_reversed;2
1413;11h 28;denied;29
1414;11h 29;denied;43
1415;11h 29;refunded;1
1416;11h 29;approved;404
1417;11h 29;reversed;11
1418;11h 30;denied;40
1419;11h 30;reversed;6
1420;11h 30;approved;366
1421;11h 31;reversed;9
1422;11h 31;denied;38
1423;11h 31;approved;353
1424;11h 32;denied;41
1425;11h 32;reversed;10
1426;11h 32;approved;391
1427;11h 33;reversed;7
1428;11h 33;denied;52
1429;11h 33;approved;366
1430;11h 34;denied;49
1431;11h 34;reversed;13
1432;11h 34;approved;386
1433;11h 35;reversed;9
1434;11h 35;denied;36
1435;11h 35;approved;406
1436;11h 36;approved;453
1437;11h 36;denied;35
1438;11h 36;reversed;7
1439;11h 37;approved;393
1440;11h 37;denied;44
1441;11h 38;approved;398
1442;11h 38;reversed;10
1443;11h 38;denied;32
1444;11h 38;refunded;4
1445;11h 39;approved;382
1446;11h 39;reversed;6
1447;11h 39;refunded;1
1448;11h 39;denied;44
1449;11h 40;approved;384
1450;11h 40;denied;43
1451;11h 40;reversed;6
1452;11h 41;approved;386
1453;11h 41;denied;36
1454;11h 41;reversed;1
1455;11h 41;refunded;3
1456;11h 42;refunded;3
1457;11h 42;denied;25
1458;11h 42;approved;402
1459;11h 42;reversed;6
1460;11h 43;approved;392
1461;11h 43;denied;34
1462;11h 44;denied;43
1463;11h 44;refunded;2
1464;11h 44;reversed;10
1465;11h 44;approved;381
1466;11h 45;denied;43
1467;11h 45;approved;383
1468;11h 45;refunded;1
1469;11h 45;reversed;7
1470;11h 46;reversed;2
1471;11h 46;approved;372
1472;11h 46;refunded;3
1473;11h 46;denied;41
1474;11h 47;refunded;3
1475;11h 47;approved;378
1476;11h 47;reversed;4
1477;11h 47;denied;50
1478;11h 48;approved;397
1479;11h 48;denied;42
1480;11h 48;reversed;4
1481;11h 49;reversed;3
1482;11h 49;denied;42
1483;11h 49;approved;405
1484;11h 50;reversed;6
1485;11h 50;denied;51
1486;11h 50;approved;406
1487;11h 51;approved;349
1488;11h 51;reversed;13
1489;11h 51;denied;59
1490;11h 52;approved;374
1491;11h 52;denied;41
1492;11h 52;reversed;3
1493;11h 52;refunded;1
1494;11h 53;denied;41
1495;11h 53;reversed;8
1496;11h 53;approved;404
1497;11h 54;denied;40
1498;11h 54;approved;355
1499;11h 54;reversed;8
1500;11h 55;reversed;5
1501;11h 55;approved;395
1502;11h 55;denied;40
1503;11h 55;refunded;4
1504;11h 55;backend_reversed;1
1505;11h 56;approved;332
1506;11h 56;reversed;12
1507;11h 56;denied;43
1508;11h 57;denied;44
1509;11h 57;reversed;8
1510;11h 57;approved;389
1511;11h 58;reversed;13
1512;11h 58;refunded;1
1513;11h 58;denied;48
1514;11h 58;approved;407
1515;11h 59;approved;361
1516;11h 59;denied;26
1517;11h 59;reversed;12
1518;12h 00;denied;36
1519;12h 00;approved;354
1520;12h 00;refunded;2
1521;12h 00;reversed;2
1522;12h 01;approved;370
1523;12h 01;refunded;1
1524;12h 01;denied;42
1525;12h 01;reversed;12
1526;12h 02;reversed;8
1527;12h 02;denied;38
1528;12h 02;approved;379
1529;12h 03;approved;348
1530;12h 03;denied;29
1531;12h 03;refunded;1
1532;12h 03;reversed;5
1533;12h 04;approved;370
1534;12h 04;refunded;2
1535;12h 04;denied;36
1536;12h 04;reversed;8
1537;12h 05;denied;36
1538;12h 05;approved;347
1539;12h 06;approved;362
1540;12h 06;denied;35
1541;12h 06;reversed;7
1542;12h 07;approved;143
1543;12h 07;denied;19
1544;12h 07;reversed;9
1545;12h 07;processing;5
1546;12h 07;backend_reversed;6
1547;12h 08;denied;23
1548;12h 08;reversed;3
1549;12h 08;approved;248
1550;12h 09;approved;533
1551;12h 09;reversed;16
1552;12h 09;refunded;3
1553;12h 09;denied;45
1554;12h 10;denied;45
1555;12h 10;approved;388
1556;12h 10;refunded;4
1557;12h 10;reversed;6
1558;12h 11;denied;34
1559;12h 11;approved;349
1560;12h 11;reversed;11
1561;12h 12;approved;358
1562;12h 12;reversed;4
1563;12h 12;denied;21
1564;12h 12;refunded;1
1565;12h 13;refunded;1
1566;12h 13;denied;37
1567;12h 13;approved;341
1568;12h 13;reversed;14
1569;12h 14;approved;347
1570;12h 14;denied;28
1571;12h 15;approved;351
1572;12h 15;denied;41
1573;12h 15;reversed;3
1574;12h 16;denied;41
1575;12h 16;backend_reversed;4
1576;12h 16;reversed;12
1577;12h 16;approved;324
1578;12h 17;reversed;6
1579;12h 17;denied;39
1580;12h 17;approved;348
1581;12h 17;refunded;4
1582;12h 18;denied;26
1583;12h 18;reversed;4
1584;12h 18;approved;342
1585;12h 19;denied;27
1586;12h 19;reversed;10
1587;12h 19;approved;327
1588;12h 20;approved;341
1589;12h 20;denied;31
1590;12h 20;reversed;11
1591;12h 21;approved;331
1592;12h 21;reversed;9
1593;12h 21;denied;38
1594;12h 22;denied;34
1595;12h 22;refunded;2
1596;12h 22;approved;294
1597;12h 22;reversed;9
1598;12h 23;reversed;8
1599;12h 23;approved;316
1600;12h 23;denied;28
1601;12h 24;denied;31
1602;12h 24;backend_reversed;2
1603;12h 24;approved;305
1604;12h 24;reversed;4
1605;12h 25;denied;25
1606;12h 25;approved;328
1607;12h 25;refunded;1
1608;12h 26;approved;304
1609;12h 26;denied;43
1610;12h 26;reversed;11
1611;12h 27;approved;316
1612;12h 27;reversed;2
1613;12h 27;denied;34
1614;12h 28;approved;315
1615;12h 28;reversed;12
1616;12h 28;denied;15
1617;12h 29;approved;349
1618;12h 29;denied;26
1619;12h 29;reversed;9
1620;12h 30;approved;309
1621;12h 30;refunded;4
1622;12h 30;denied;29
1623;12h 30;reversed;11
1624;12h 31;denied;30
1625;12h 31;approved;320
1626;12h 31;reversed;3
1627;12h 32;refunded;3
1628;12h 32;denied;18
1629;12h 32;approved;280
1630;12h 32;reversed;14
1631;12h 33;denied;23
1632;12h 33;reversed;9
1633;12h 33;approved;309
1634;12h 34;reversed;12
1635;12h 34;denied;29
1636;12h 34;backend_reversed;2
1637;12h 34;approved;295
1638;12h 35;approved;290
1639;12h 35;refunded;4
1640;12h 35;denied;23
1641;12h 35;reversed;2
1642;12h 36;refunded;1
1643;12h 36;denied;28
1644;12h 36;approved;278
1645;12h 37;denied;35
1646;12h 37;reversed;8
1647;12h 37;refunded;3
1648;12h 37;approved;298
1649;12h 38;reversed;12
1650;12h 38;approved;307
1651;12h 38;denied;33
1652;12h 39;reversed;6
1653;12h 39;denied;27
1654;12h 39;approved;322
1655;12h 39;failed;2
1656;12h 40;refunded;1
1657;12h 40;approved;293
1658;12h 40;denied;31
1659;12h 40;failed;1
1660;12h 40;reversed;13
1661;12h 41;denied;29
1662;12h 41;reversed;2
1663;12h 41;approved;326
1664;12h 42;refunded;2
1665;12h 42;reversed;6
1666;12h 42;approved;288
1667;12h 42;denied;38
1668;12h 43;approved;295
1669;12h 43;denied;36
1670;12h 43;reversed;12
1671;12h 44;reversed;11
1672;12h 44;denied;34
1673;12h 44;approved;293
1674;12h 45;approved;310
1675;12h 45;denied;32
1676;12h 45;reversed;13
1677;12h 46;approved;318
1678;12h 46;denied;28
1679;12h 47;backend_reversed;5
1680;12h 47;denied;24
1681;12h 47;approved;272
1682;12h 47;refunded;4
1683;12h 48;reversed;5
1684;12h 48;denied;34
1685;12h 48;approved;321
1686;12h 49;refunded;3
1687;12h 49;denied;25
1688;12h 49;approved;303
1689;12h 50;refunded;1
1690;12h 50;approved;258
1691;12h 50;reversed;5
1692;12h 50;denied;24
1693;12h 51;denied;25
1694;12h 51;approved;308
1695;12h 51;reversed;10
1696;12h 52;denied;26
1697;12h 52;reversed;7
1698;12h 52;backend_reversed;8
1699;12h 52;approved;302
1700;12h 52;refunded;3
1701;12h 53;denied;34
1702;12h 53;reversed;10
1703;12h 53;approved;265
1704;12h 53;refunded;2
1705;12h 54;reversed;3
1706;12h 54;approved;273
1707;12h 54;denied;33
1708;12h 55;denied;27
1709;12h 55;approved;326
1710;12h 56;denied;28
1711;12h 56;approved;298
1712;12h 56;reversed;4
1713;12h 57;denied;31
1714;12h 57;reversed;11
1715;12h 57;backend_reversed;2
1716;12h 57;approved;309
1717;12h 58;approved;297
1718;12h 58;denied;32
1719;12h 58;refunded;3
1720;12h 58;reversed;10
1721;12h 59;denied;36
1722;12h 59;refunded;1
1723;12h 59;reversed;2
1724;12h 59;approved;305
1725;13h 00;approved;294
1726;13h 00;denied;20
1727;13h 01;reversed;3
1728;13h 01;approved;287
1729;13h 01;denied;33
1730;13h 02;reversed;6
1731;13h 02;denied;32
1732;13h 02;refunded;2
1733;13h 02;failed;1
1734;13h 02;approved;298
1735;13h 03;refunded;2
1736;13h 03;approved;277
1737;13h 03;denied;24
1738;13h 04;refunded;3
1739;13h 04;denied;33
1740;13h 04;approved;265
1741;13h 05;approved;298
1742;13h 05;refunded;2
1743;13h 05;reversed;2
1744;13h 05;denied;24
1745;13h 06;denied;31
1746;13h 06;refunded;2
1747;13h 06;reversed;10
1748;13h 06;approved;311
1749;13h 07;denied;29
1750;13h 07;reversed;5
1751;13h 07;approved;310
1752;13h 08;denied;37
1753;13h 08;approved;298
1754;13h 08;reversed;6
1755;13h 09;approved;284
1756;13h 09;reversed;1
1757;13h 09;denied;20
1758;13h 10;denied;36
1759;13h 10;backend_reversed;6
1760;13h 10;approved;313
1761;13h 11;refunded;1
1762;13h 11;denied;23
1763;13h 11;reversed;5
1764;13h 11;approved;331
1765;13h 12;denied;27
1766;13h 12;approved;290
1767;13h 12;reversed;12
1768;13h 13;denied;27
1769;13h 13;refunded;3
1770;13h 13;approved;304
1771;13h 13;reversed;1
1772;13h 14;denied;29
1773;13h 14;approved;297
1774;13h 15;denied;33
1775;13h 15;reversed;11
1776;13h 15;approved;297
1777;13h 16;approved;306
1778;13h 16;denied;20
1779;13h 16;reversed;4
1780;13h 16;refunded;3
1781;13h 17;reversed;5
1782;13h 17;denied;27
1783;13h 17;approved;315
1784;13h 18;denied;32
1785;13h 18;approved;260
1786;13h 18;reversed;10
1787;13h 19;reversed;11
1788;13h 19;approved;293
1789;13h 19;denied;41
1790;13h 20;approved;298
1791;13h 20;denied;28
1792;13h 21;approved;294
1793;13h 21;refunded;3
1794;13h 21;reversed;3
1795;13h 21;denied;32
1796;13h 22;reversed;2
1797;13h 22;approved;278
1798;13h 22;denied;46
1799;13h 22;backend_reversed;5
1800;13h 23;refunded;3
1801;13h 23;approved;277
1802;13h 23;denied;28
1803;13h 23;reversed;1
1804;13h 24;reversed;5
1805;13h 24;refunded;1
1806;13h 24;approved;313
1807;13h 24;denied;33
1808;13h 25;approved;306
1809;13h 25;refunded;1
1810;13h 25;denied;37
1811;13h 25;reversed;9
1812;13h 26;reversed;9
1813;13h 26;approved;305
1814;13h 26;denied;47
1815;13h 27;refunded;2
1816;13h 27;approved;297
1817;13h 27;denied;32
1818;13h 28;approved;279
1819;13h 28;reversed;1
1820;13h 28;denied;29
1821;13h 28;refunded;1
1822;13h 29;denied;35
1823;13h 29;approved;311
1824;13h 29;reversed;6
1825;13h 30;reversed;9
1826;13h 30;denied;25
1827;13h 30;approved;280
1828;13h 31;denied;29
1829;13h 31;approved;311
1830;13h 31;reversed;2
1831;13h 32;approved;295
1832;13h 32;denied;29
1833;13h 32;reversed;5
1834;13h 32;refunded;1
1835;13h 33;reversed;2
1836;13h 33;approved;312
1837;13h 33;denied;34
1838;13h 34;denied;22
1839;13h 34;reversed;12
1840;13h 34;approved;298
1841;13h 34;refunded;4
1842;13h 35;denied;30
1843;13h 35;reversed;2
1844;13h 35;approved;308
1845;13h 36;approved;291
1846;13h 36;reversed;3
1847;13h 36;denied;23
1848;13h 37;reversed;10
1849;13h 37;refunded;2
1850;13h 37;approved;271
1851;13h 37;denied;25
1852;13h 38;reversed;6
1853;13h 38;approved;290
1854;13h 38;denied;26
1855;13h 39;approved;300
1856;13h 39;reversed;15
1857;13h 39;denied;13
1858;13h 40;reversed;9
1859;13h 40;approved;279
1860;13h 40;refunded;1
1861;13h 40;denied;24
1862;13h 41;approved;285
1863;13h 41;denied;26
1864;13h 41;reversed;14
1865;13h 42;denied;27
1866;13h 42;approved;283
1867;13h 42;reversed;7
1868;13h 43;denied;42
1869;13h 43;reversed;9
1870;13h 43;approved;277
1871;13h 43;refunded;3
1872;13h 44;denied;38
1873;13h 44;refunded;3
1874;13h 44;approved;314
1875;13h 44;reversed;2
1876;13h 45;refunded;3
1877;13h 45;approved;322
1878;13h 45;denied;42
1879;13h 46;approved;310
1880;13h 46;denied;29
1881;13h 46;reversed;5
1882;13h 46;refunded;2
1883;13h 47;refunded;3
1884;13h 47;denied;31
1885;13h 47;approved;323
1886;13h 48;approved;295
1887;13h 48;reversed;11
1888;13h 48;denied;38
1889;13h 48;refunded;4
1890;13h 49;denied;25
1891;13h 49;reversed;5
1892;13h 49;approved;335
1893;13h 50;reversed;8
1894;13h 50;approved;316
1895;13h 50;refunded;2
1896;13h 50;denied;32
1897;13h 51;backend_reversed;8
1898;13h 51;approved;325
1899;13h 51;denied;27
1900;13h 52;approved;316
1901;13h 52;denied;37
1902;13h 53;denied;20
1903;13h 53;reversed;12
1904;13h 53;approved;314
1905;13h 54;reversed;5
1906;13h 54;approved;328
1907;13h 54;denied;30
1908;13h 54;refunded;3
1909;13h 55;approved;340
1910;13h 55;denied;27
1911;13h 55;reversed;8
1912;13h 55;refunded;4
1913;13h 56;reversed;11
1914;13h 56;approved;332
1915;13h 56;denied;26
1916;13h 57;denied;33
1917;13h 57;refunded;2
1918;13h 57;approved;289
1919;13h 58;refunded;4
1920;13h 58;reversed;12
1921;13h 58;approved;299
1922;13h 58;denied;37
1923;13h 59;backend_reversed;7
1924;13h 59;approved;317
1925;13h 59;reversed;9
1926;13h 59;denied;38
1927;14h 00;refunded;3
1928;14h 00;approved;312
1929;14h 00;denied;34
1930;14h 00;reversed;6
1931;14h 01;denied;36
1932;14h 01;approved;316
1933;14h 01;refunded;1
1934;14h 01;reversed;5
1935;14h 02;denied;26
1936;14h 02;reversed;7
1937;14h 02;approved;338
1938;14h 03;denied;29
1939;14h 03;backend_reversed;5
1940;14h 03;approved;347
1941;14h 03;reversed;5
1942;14h 04;reversed;6
1943;14h 04;approved;325
1944;14h 04;denied;28
1945;14h 05;reversed;12
1946;14h 05;denied;37
1947;14h 05;approved;304
1948;14h 06;reversed;3
1949;14h 06;approved;346
1950;14h 06;denied;31
1951;14h 07;approved;330
1952;14h 07;denied;30
1953;14h 07;reversed;5
1954;14h 08;refunded;2
1955;14h 08;denied;30
1956;14h 08;approved;362
1957;14h 09;approved;311
1958;14h 09;denied;31
1959;14h 09;reversed;8
1960;14h 10;denied;33
1961;14h 10;reversed;9
1962;14h 10;approved;354
1963;14h 10;refunded;3
1964;14h 11;reversed;7
1965;14h 11;refunded;3
1966;14h 11;denied;43
1967;14h 11;approved;349
1968;14h 12;approved;326
1969;14h 12;backend_reversed;4
1970;14h 12;reversed;5
1971;14h 12;denied;32
1972;14h 13;approved;338
1973;14h 13;denied;31
1974;14h 13;reversed;5
1975;14h 14;denied;39
1976;14h 14;reversed;11
1977;14h 14;approved;352
1978;14h 15;denied;32
1979;14h 15;reversed;2
1980;14h 15;backend_reversed;5
1981;14h 15;refunded;3
1982;14h 15;approved;333
1983;14h 16;reversed;8
1984;14h 16;approved;312
1985;14h 16;denied;26
1986;14h 17;denied;37
1987;14h 17;refunded;3
1988;14h 17;approved;355
1989;14h 18;approved;313
1990;14h 18;reversed;4
1991;14h 18;denied;36
1992;14h 19;denied;33
1993;14h 19;reversed;1
1994;14h 19;backend_reversed;4
1995;14h 19;approved;328
1996;14h 20;denied;39
1997;14h 20;approved;346
1998;14h 21;approved;312
1999;14h 21;denied;31
2000;14h 22;approved;331
2001;14h 22;reversed;11
2002;14h 22;denied;40
2003;14h 22;refunded;4
2004;14h 23;denied;35
2005;14h 23;reversed;5
2006;14h 23;approved;377
2007;14h 24;reversed;7
2008;14h 24;denied;40
2009;14h 24;refunded;3
2010;14h 24;approved;331
2011;14h 25;approved;372
2012;14h 25;denied;31
2013;14h 26;approved;333
2014;14h 26;denied;28
2015;14h 26;reversed;4
2016;14h 27;denied;37
2017;14h 27;approved;330
2018;14h 27;reversed;12
2019;14h 28;denied;30
2020;14h 28;refunded;1
2021;14h 28;approved;378
2022;14h 28;reversed;9
2023;14h 29;refunded;3
2024;14h 29;approved;320
2025;14h 29;denied;29
2026;14h 30;denied;33
2027;14h 30;reversed;11
2028;14h 30;approved;332
2029;14h 31;backend_reversed;5
2030;14h 31;denied;44
2031;14h 31;approved;329
2032;14h 32;refunded;3
2033;14h 32;reversed;8
2034;14h 32;approved;317
2035;14h 32;denied;28
2036;14h 33;approved;296
2037;14h 33;reversed;10
2038;14h 33;denied;33
2039;14h 33;refunded;3
2040;14h 34;refunded;1
2041;14h 34;approved;328
2042;14h 34;reversed;6
2043;14h 34;denied;21
2044;14h 35;refunded;3
2045;14h 35;approved;326
2046;14h 35;denied;39
2047;14h 35;reversed;6
2048;14h 36;denied;42
2049;14h 36;approved;331
2050;14h 36;reversed;9
2051;14h 36;refunded;2
2052;14h 37;approved;374
2053;14h 37;denied;41
2054;14h 37;reversed;8
2055;14h 38;backend_reversed;4
2056;14h 38;denied;34
2057;14h 38;reversed;3
2058;14h 38;approved;334
2059;14h 38;refunded;4
2060;14h 39;approved;349
2061;14h 39;refunded;4
2062;14h 39;denied;37
2063;14h 40;refunded;4
2064;14h 40;approved;336
2065;14h 40;denied;43
2066;14h 40;reversed;11
2067;14h 41;approved;345
2068;14h 41;reversed;11
2069;14h 41;denied;34
2070;14h 42;reversed;6
2071;14h 42;refunded;2
2072;14h 42;denied;36
2073;14h 42;approved;392
2074;14h 43;reversed;10
2075;14h 43;approved;389
2076;14h 43;denied;35
2077;14h 44;denied;38
2078;14h 44;reversed;11
2079;14h 44;approved;360
2080;14h 45;denied;36
2081;14h 45;refunded;3
2082;14h 45;reversed;9
2083;14h 45;approved;339
2084;14h 46;approved;334
2085;14h 46;denied;35
2086;14h 46;reversed;13
2087;14h 47;denied;30
2088;14h 47;reversed;11
2089;14h 47;approved;376
2090;14h 48;approved;349
2091;14h 48;denied;29
2092;14h 48;reversed;7
2093;14h 48;refunded;1
2094;14h 49;approved;391
2095;14h 49;denied;38
2096;14h 49;reversed;5
2097;14h 49;refunded;3
2098;14h 50;approved;358
2099;14h 50;reversed;11
2100;14h 50;denied;28
2101;14h 50;refunded;3
2102;14h 51;denied;25
2103;14h 51;approved;379
2104;14h 51;refunded;2
2105;14h 51;reversed;12
2106;14h 52;refunded;4
2107;14h 52;approved;388
2108;14h 52;denied;21
2109;14h 52;reversed;8
2110;14h 53;approved;321
2111;14h 53;refunded;2
2112;14h 53;reversed;10
2113;14h 53;denied;41
2114;14h 54;refunded;1
2115;14h 54;denied;29
2116;14h 54;reversed;5
2117;14h 54;approved;374
2118;14h 55;approved;376
2119;14h 55;reversed;1
2120;14h 55;denied;49
2121;14h 55;refunded;1
2122;14h 56;denied;44
2123;14h 56;reversed;6
2124;14h 56;refunded;2
2125;14h 56;approved;368
2126;14h 57;denied;44
2127;14h 57;approved;384
2128;14h 57;reversed;10
2129;14h 58;refunded;2
2130;14h 58;denied;58
2131;14h 58;approved;363
2132;14h 58;reversed;5
2133;14h 59;approved;351
2134;14h 59;denied;41
2135;14h 59;refunded;3
2136;14h 59;reversed;12
2137;15h 00;refunded;3
2138;15h 00;approved;359
2139;15h 00;denied;41
2140;15h 00;reversed;11
2141;15h 01;denied;41
2142;15h 01;refunded;4
2143;15h 01;approved;348
2144;15h 01;backend_reversed;7
2145;15h 01;reversed;8
2146;15h 02;approved;361
2147;15h 02;denied;49
2148;15h 02;refunded;2
2149;15h 02;reversed;9
2150;15h 03;backend_reversed;3
2151;15h 03;denied;45
2152;15h 03;approved;349
2153;15h 03;reversed;2
2154;15h 04;approved;392
2155;15h 04;denied;34
2156;15h 04;refunded;1
2157;15h 04;reversed;4
2158;15h 05;approved;419
2159;15h 05;reversed;7
2160;15h 05;denied;33
2161;15h 06;approved;368
2162;15h 06;reversed;2
2163;15h 06;denied;28
2164;15h 06;backend_reversed;4
2165;15h 07;reversed;12
2166;15h 07;denied;40
2167;15h 07;approved;397
2168;15h 08;denied;40
2169;15h 08;approved;362
2170;15h 08;refunded;4
2171;15h 08;reversed;5
2172;15h 08;backend_reversed;8
2173;15h 09;reversed;3
2174;15h 09;denied;28
2175;15h 09;approved;392
2176;15h 10;denied;34
2177;15h 10;approved;386
2178;15h 11;approved;410
2179;15h 11;refunded;2
2180;15h 11;denied;29
2181;15h 11;reversed;8
2182;15h 12;denied;31
2183;15h 12;refunded;1
2184;15h 12;approved;411
2185;15h 12;reversed;11
2186;15h 13;approved;404
2187;15h 13;denied;39
2188;15h 13;reversed;5
2189;15h 14;refunded;4
2190;15h 14;approved;367
2191;15h 14;reversed;6
2192;15h 14;denied;34
2193;15h 15;reversed;9
2194;15h 15;denied;38
2195;15h 15;refunded;1
2196;15h 15;approved;399
2197;15h 16;denied;42
2198;15h 16;approved;418
2199;15h 16;reversed;6
2200;15h 16;refunded;2
2201;15h 17;refunded;1
2202;15h 17;reversed;8
2203;15h 17;approved;389
2204;15h 17;denied;37
2205;15h 18;approved;371
2206;15h 18;refunded;1
2207;15h 18;reversed;13
2208;15h 18;denied;39
2209;15h 19;approved;402
2210;15h 19;reversed;11
2211;15h 19;denied;51
2212;15h 20;approved;426
2213;15h 20;denied;46
2214;15h 20;reversed;12
2215;15h 21;reversed;8
2216;15h 21;denied;47
2217;15h 21;approved;401
2218;15h 22;reversed;4
2219;15h 22;denied;43
2220;15h 22;approved;430
2221;15h 22;refunded;3
2222;15h 22;backend_reversed;8
2223;15h 23;reversed;2
2224;15h 23;refunded;3
2225;15h 23;denied;36
2226;15h 23;approved;394
2227;15h 23;backend_reversed;7
2228;15h 24;denied;40
2229;15h 24;approved;387
2230;15h 25;reversed;2
2231;15h 25;approved;390
2232;15h 25;denied;44
2233;15h 26;denied;44
2234;15h 26;approved;405
2235;15h 26;reversed;6
2236;15h 27;reversed;9
2237;15h 27;approved;405
2238;15h 27;denied;36
2239;15h 28;reversed;9
2240;15h 28;denied;50
2241;15h 28;approved;414
2242;15h 29;refunded;3
2243;15h 29;denied;42
2244;15h 29;approved;412
2245;15h 29;reversed;9
2246;15h 30;denied;31
2247;15h 30;approved;404
2248;15h 30;reversed;10
2249;15h 30;refunded;5
2250;15h 31;backend_reversed;3
2251;15h 31;approved;388
2252;15h 31;denied;28
2253;15h 31;refunded;1
2254;15h 31;reversed;3
2255;15h 32;denied;38
2256;15h 32;approved;393
2257;15h 32;reversed;9
2258;15h 33;reversed;5
2259;15h 33;approved;441
2260;15h 33;denied;27
2261;15h 33;backend_reversed;6
2262;15h 34;approved;345
2263;15h 34;denied;34
2264;15h 34;reversed;4
2265;15h 35;approved;414
2266;15h 35;reversed;12
2267;15h 35;denied;51
2268;15h 36;denied;40
2269;15h 36;backend_reversed;7
2270;15h 36;approved;404
2271;15h 36;reversed;14
2272;15h 37;denied;45
2273;15h 37;approved;425
2274;15h 38;denied;50
2275;15h 38;approved;446
2276;15h 38;reversed;9
2277;15h 39;approved;374
2278;15h 39;denied;36
2279;15h 39;reversed;6
2280;15h 39;refunded;2
2281;15h 40;reversed;10
2282;15h 40;refunded;3
2283;15h 40;approved;437
2284;15h 40;denied;42
2285;15h 41;approved;430
2286;15h 41;denied;46
2287;15h 41;reversed;5
2288;15h 42;reversed;6
2289;15h 42;denied;38
2290;15h 42;approved;432
2291;15h 42;refunded;2
2292;15h 43;approved;438
2293;15h 43;reversed;9
2294;15h 43;denied;48
2295;15h 44;refunded;1
2296;15h 44;reversed;8
2297;15h 44;denied;45
2298;15h 44;approved;389
2299;15h 45;denied;43
2300;15h 45;approved;441
2301;15h 46;denied;50
2302;15h 46;reversed;5
2303;15h 46;approved;408
2304;15h 46;backend_reversed;4
2305;15h 46;refunded;2
2306;15h 47;approved;415
2307;15h 47;reversed;8
2308;15h 47;refunded;2
2309;15h 47;denied;50
2310;15h 48;approved;462
2311;15h 48;denied;48
2312;15h 48;reversed;8
2313;15h 49;denied;47
2314;15h 49;approved;427
2315;15h 49;refunded;1
2316;15h 49;reversed;2
2317;15h 50;reversed;3
2318;15h 50;approved;433
2319;15h 50;denied;54
2320;15h 51;denied;58
2321;15h 51;approved;429
2322;15h 51;reversed;11
2323;15h 52;refunded;1
2324;15h 52;approved;468
2325;15h 52;denied;40
2326;15h 53;approved;380
2327;15h 53;reversed;13
2328;15h 53;denied;42
2329;15h 54;denied;48
2330;15h 54;approved;414
2331;15h 54;reversed;7
2332;15h 55;refunded;2
2333;15h 55;reversed;11
2334;15h 55;approved;394
2335;15h 55;denied;57
2336;15h 56;backend_reversed;2
2337;15h 56;denied;47
2338;15h 56;approved;441
2339;15h 56;reversed;11
2340;15h 56;refunded;3
2341;15h 57;reversed;9
2342;15h 57;approved;422
2343;15h 57;denied;43
2344;15h 58;refunded;4
2345;15h 58;denied;48
2346;15h 58;reversed;11
2347;15h 58;approved;437
2348;15h 59;denied;45
2349;15h 59;approved;416
2350;15h 59;reversed;6
2351;16h 00;reversed;7
2352;16h 00;approved;421
2353;16h 00;denied;45
2354;16h 01;reversed;7
2355;16h 01;approved;419
2356;16h 01;denied;47
2357;16h 01;backend_reversed;6
2358;16h 02;reversed;8
2359;16h 02;denied;40
2360;16h 02;approved;428
2361;16h 03;approved;444
2362;16h 03;reversed;5
2363;16h 03;denied;48
2364;16h 03;refunded;3
2365;16h 04;denied;41
2366;16h 04;backend_reversed;8
2367;16h 04;approved;448
2368;16h 04;reversed;13
2369;16h 05;denied;39
2370;16h 05;refunded;2
2371;16h 05;approved;440
2372;16h 06;denied;52
2373;16h 06;reversed;6
2374;16h 06;approved;501
2375;16h 06;refunded;3
2376;16h 07;denied;42
2377;16h 07;approved;473
2378;16h 07;failed;2
2379;16h 07;reversed;12
2380;16h 07;refunded;6
2381;16h 08;denied;50
2382;16h 08;approved;478
2383;16h 08;reversed;11
2384;16h 08;failed;1
2385;16h 08;backend_reversed;8
2386;16h 09;refunded;5
2387;16h 09;reversed;9
2388;16h 09;approved;453
2389;16h 09;denied;37
2390;16h 10;reversed;6
2391;16h 10;denied;45
2392;16h 10;approved;448
2393;16h 10;refunded;3
2394;16h 11;approved;464
2395;16h 11;reversed;6
2396;16h 11;refunded;2
2397;16h 11;denied;52
2398;16h 12;approved;472
2399;16h 12;reversed;17
2400;16h 12;denied;57
2401;16h 13;reversed;7
2402;16h 13;approved;447
2403;16h 13;denied;56
2404;16h 14;approved;419
2405;16h 14;reversed;3
2406;16h 14;refunded;1
2407;16h 14;denied;56
2408;16h 14;failed;5
2409;16h 15;refunded;3
2410;16h 15;denied;57
2411;16h 15;approved;435
2412;16h 15;failed;5
2413;16h 15;reversed;5
2414;16h 16;approved;445
2415;16h 16;denied;38
2416;16h 16;failed;5
2417;16h 16;reversed;11
2418;16h 17;approved;448
2419;16h 17;failed;8
2420;16h 17;refunded;2
2421;16h 17;denied;53
2422;16h 17;reversed;10
2423;16h 18;reversed;11
2424;16h 18;failed;7
2425;16h 18;refunded;4
2426;16h 18;denied;38
2427;16h 18;backend_reversed;4
2428;16h 18;approved;421
2429;16h 19;reversed;5
2430;16h 19;approved;448
2431;16h 19;refunded;3
2432;16h 19;denied;48
2433;16h 19;failed;5
2434;16h 20;approved;460
2435;16h 20;denied;55
2436;16h 20;reversed;12
2437;16h 20;failed;10
2438;16h 21;approved;463
2439;16h 21;denied;46
2440;16h 21;reversed;8
2441;16h 21;failed;7
2442;16h 22;failed;2
2443;16h 22;denied;56
2444;16h 22;reversed;1
2445;16h 22;refunded;4
2446;16h 22;approved;427
2447;16h 23;denied;105
2448;16h 23;backend_reversed;2
2449;16h 23;approved;423
2450;16h 23;reversed;7
2451;16h 23;failed;9
2452;16h 24;approved;438
2453;16h 24;failed;9
2454;16h 24;denied;121
2455;16h 24;refunded;2
2456;16h 25;reversed;13
2457;16h 25;failed;5
2458;16h 25;approved;423
2459;16h 25;denied;113
2460;16h 25;refunded;3
2461;16h 26;reversed;10
2462;16h 26;approved;430
2463;16h 26;backend_reversed;2
2464;16h 26;denied;154
2465;16h 26;failed;10
2466;16h 27;approved;471
2467;16h 27;failed;6
2468;16h 27;denied;146
2469;16h 27;backend_reversed;2
2470;16h 27;reversed;5
2471;16h 28;failed;4
2472;16h 28;reversed;6
2473;16h 28;approved;451
2474;16h 28;denied;105
2475;16h 28;backend_reversed;7
2476;16h 29;approved;429
2477;16h 29;denied;109
2478;16h 29;failed;6
2479;16h 29;refunded;3
2480;16h 29;reversed;8
2481;16h 30;failed;11
2482;16h 30;approved;417
2483;16h 30;refunded;4
2484;16h 30;denied;116
2485;16h 31;failed;11
2486;16h 31;reversed;6
2487;16h 31;denied;97
2488;16h 31;refunded;3
2489;16h 31;approved;439
2490;16h 32;denied;61
2491;16h 32;approved;491
2492;16h 32;failed;10
2493;16h 32;refunded;2
2494;16h 32;reversed;8
2495;16h 33;denied;39
2496;16h 33;reversed;10
2497;16h 33;refunded;3
2498;16h 33;failed;6
2499;16h 33;approved;461
2500;16h 34;denied;52
2501;16h 34;failed;8
2502;16h 34;approved;462
2503;16h 35;failed;13
2504;16h 35;denied;42
2505;16h 35;approved;488
2506;16h 35;reversed;11
2507;16h 36;reversed;10
2508;16h 36;failed;11
2509;16h 36;approved;472
2510;16h 36;denied;39
2511;16h 37;failed;11
2512;16h 37;denied;43
2513;16h 37;backend_reversed;1
2514;16h 37;approved;494
2515;16h 38;reversed;6
2516;16h 38;denied;38
2517;16h 38;approved;473
2518;16h 38;failed;11
2519;16h 38;refunded;2
2520;16h 39;denied;39
2521;16h 39;failed;13
2522;16h 39;approved;476
2523;16h 39;refunded;2
2524;16h 40;approved;457
2525;16h 40;failed;7
2526;16h 40;reversed;5
2527;16h 40;denied;48
2528;16h 41;failed;13
2529;16h 41;refunded;1
2530;16h 41;denied;41
2531;16h 41;approved;487
2532;16h 41;reversed;13
2533;16h 42;failed;6
2534;16h 42;refunded;2
2535;16h 42;backend_reversed;8
2536;16h 42;approved;475
2537;16h 42;reversed;4
2538;16h 42;denied;36
2539;16h 43;backend_reversed;5
2540;16h 43;denied;36
2541;16h 43;approved;436
2542;16h 43;failed;15
2543;16h 43;refunded;2
2544;16h 43;reversed;3
2545;16h 44;approved;438
2546;16h 44;failed;12
2547;16h 44;refunded;2
2548;16h 44;reversed;9
2549;16h 44;denied;77
2550;16h 45;reversed;5
2551;16h 45;denied;100
2552;16h 45;failed;14
2553;16h 45;approved;465
2554;16h 46;failed;15
2555;16h 46;refunded;3
2556;16h 46;denied;148
2557;16h 46;approved;417
2558;16h 46;reversed;7
2559;16h 47;approved;490
2560;16h 47;failed;17
2561;16h 47;denied;90
2562;16h 47;reversed;9
2563;16h 48;denied;92
2564;16h 48;failed;14
2565;16h 48;approved;455
2566;16h 48;refunded;5
2567;16h 48;reversed;4
2568;16h 49;denied;113
2569;16h 49;approved;441
2570;16h 49;failed;6
2571;16h 49;reversed;9
2572;16h 50;denied;85
2573;16h 50;approved;455
2574;16h 50;reversed;15
2575;16h 50;failed;11
2576;16h 51;failed;7
2577;16h 51;refunded;1
2578;16h 51;approved;429
2579;16h 51;denied;131
2580;16h 51;reversed;13
2581;16h 52;denied;109
2582;16h 52;failed;12
2583;16h 52;approved;473
2584;16h 52;reversed;10
2585;16h 52;backend_reversed;8
2586;16h 53;denied;79
2587;16h 53;failed;14
2588;16h 53;approved;523
2589;16h 53;backend_reversed;6
2590;16h 53;reversed;9
2591;16h 53;refunded;2
2592;16h 54;approved;502
2593;16h 54;denied;50
2594;16h 54;failed;12
2595;16h 54;refunded;1
2596;16h 54;reversed;11
2597;16h 55;denied;43
2598;16h 55;approved;516
2599;16h 55;refunded;2
2600;16h 55;failed;11
2601;16h 56;reversed;7
2602;16h 56;approved;464
2603;16h 56;failed;16
2604;16h 56;denied;47
2605;16h 56;refunded;1
2606;16h 57;denied;48
2607;16h 57;approved;494
2608;16h 57;reversed;4
2609;16h 57;failed;9
2610;16h 58;reversed;6
2611;16h 58;denied;51
2612;16h 58;approved;472
2613;16h 58;refunded;2
2614;16h 58;failed;11
2615;16h 59;reversed;10
2616;16h 59;approved;516
2617;16h 59;denied;42
2618;16h 59;failed;13
2619;17h 00;approved;471
2620;17h 00;refunded;4
2621;17h 00;denied;45
2622;17h 00;failed;7
2623;17h 01;reversed;7
2624;17h 01;denied;52
2625;17h 01;failed;7
2626;17h 01;approved;476
2627;17h 02;denied;38
2628;17h 02;approved;481
2629;17h 02;failed;13
2630;17h 02;reversed;5
2631;17h 03;denied;52
2632;17h 03;backend_reversed;4
2633;17h 03;reversed;11
2634;17h 03;failed;11
2635;17h 03;approved;513
2636;17h 03;refunded;1
2637;17h 04;approved;510
2638;17h 04;reversed;3
2639;17h 04;failed;8
2640;17h 04;denied;49
2641;17h 05;denied;60
2642;17h 05;approved;548
2643;17h 05;failed;7
2644;17h 05;reversed;5
2645;17h 06;refunded;1
2646;17h 06;approved;544
2647;17h 06;denied;30
2648;17h 06;reversed;3
2649;17h 06;failed;8
2650;17h 07;denied;45
2651;17h 07;reversed;3
2652;17h 07;approved;503
2653;17h 07;refunded;3
2654;17h 07;failed;6
2655;17h 08;failed;16
2656;17h 08;denied;38
2657;17h 08;approved;502
2658;17h 08;refunded;1
2659;17h 08;reversed;10
2660;17h 09;denied;49
2661;17h 09;approved;503
2662;17h 09;reversed;10
2663;17h 09;failed;11
2664;17h 10;failed;8
2665;17h 10;reversed;2
2666;17h 10;refunded;2
2667;17h 10;approved;494
2668;17h 10;denied;52
2669;17h 11;failed;7
2670;17h 11;denied;57
2671;17h 11;approved;488
2672;17h 11;reversed;7
2673;17h 12;denied;51
2674;17h 12;reversed;6
2675;17h 12;refunded;4
2676;17h 12;approved;532
2677;17h 12;failed;13
2678;17h 13;failed;10
2679;17h 13;approved;529
2680;17h 13;reversed;13
2681;17h 13;backend_reversed;1
2682;17h 13;denied;53
2683;17h 14;failed;5
2684;17h 14;reversed;7
2685;17h 14;approved;503
2686;17h 14;denied;49
2687;17h 15;denied;42
2688;17h 15;reversed;9
2689;17h 15;failed;12
2690;17h 15;refunded;3
2691;17h 15;approved;573
2692;17h 16;approved;449
2693;17h 16;denied;94
2694;17h 16;reversed;6
2695;17h 16;failed;10
2696;17h 17;reversed;7
2697;17h 17;approved;500
2698;17h 17;failed;15
2699;17h 17;refunded;2
2700;17h 17;denied;109
2701;17h 18;approved;520
2702;17h 18;denied;95
2703;17h 18;reversed;12
2704;17h 18;failed;10
2705;17h 19;denied;109
2706;17h 19;refunded;3
2707;17h 19;approved;494
2708;17h 19;failed;8
2709;17h 20;failed;7
2710;17h 20;denied;122
2711;17h 20;reversed;13
2712;17h 20;approved;464
2713;17h 21;approved;478
2714;17h 21;failed;10
2715;17h 21;denied;119
2716;17h 21;reversed;4
2717;17h 21;refunded;1
2718;17h 22;refunded;3
2719;17h 22;denied;109
2720;17h 22;failed;12
2721;17h 22;reversed;8
2722;17h 22;approved;465
2723;17h 23;approved;520
2724;17h 23;denied;112
2725;17h 23;failed;10
2726;17h 23;refunded;1
2727;17h 23;reversed;11
2728;17h 24;denied;111
2729;17h 24;failed;10
2730;17h 24;approved;472
2731;17h 24;reversed;12
2732;17h 25;failed;16
2733;17h 25;denied;99
2734;17h 25;backend_reversed;1
2735;17h 25;reversed;11
2736;17h 25;approved;489
2737;17h 26;reversed;4
2738;17h 26;approved;519
2739;17h 26;failed;11
2740;17h 26;refunded;2
2741;17h 26;denied;49
2742;17h 27;denied;51
2743;17h 27;backend_reversed;7
2744;17h 27;reversed;11
2745;17h 27;failed;9
2746;17h 27;approved;546
2747;17h 28;failed;10
2748;17h 28;reversed;5
2749;17h 28;approved;456
2750;17h 28;denied;63
2751;17h 29;refunded;2
2752;17h 29;failed;10
2753;17h 29;denied;53
2754;17h 29;approved;484
2755;17h 29;reversed;5
2756;17h 30;reversed;3
2757;17h 30;refunded;1
2758;17h 30;approved;488
2759;17h 30;failed;14
2760;17h 30;denied;47
2761;17h 31;denied;45
2762;17h 31;failed;12
2763;17h 31;reversed;9
2764;17h 31;approved;505
2765;17h 32;approved;515
2766;17h 32;failed;11
2767;17h 32;denied;40
2768;17h 32;reversed;13
2769;17h 33;backend_reversed;6
2770;17h 33;denied;45
2771;17h 33;reversed;12
2772;17h 33;failed;10
2773;17h 33;approved;506
2774;17h 33;refunded;2
2775;17h 34;failed;7
2776;17h 34;reversed;15
2777;17h 34;approved;525
2778;17h 34;denied;49
2779;17h 35;approved;492
2780;17h 35;failed;11
2781;17h 35;reversed;8
2782;17h 35;denied;37
2783;17h 36;approved;489
2784;17h 36;denied;42
2785;17h 36;reversed;5
2786;17h 36;failed;7
2787;17h 37;failed;15
2788;17h 37;reversed;9
2789;17h 37;approved;543
2790;17h 37;denied;51
2791;17h 37;refunded;2
2792;17h 38;failed;9
2793;17h 38;reversed;5
2794;17h 38;denied;53
2795;17h 38;approved;508
2796;17h 38;refunded;4
2797;17h 39;denied;44
2798;17h 39;approved;527
2799;17h 39;failed;13
2800;17h 39;reversed;9
2801;17h 39;refunded;2
2802;17h 40;denied;38
2803;17h 40;backend_reversed;7
2804;17h 40;approved;506
2805;17h 40;failed;12
2806;17h 40;reversed;5
2807;17h 41;approved;532
2808;17h 41;denied;45
2809;17h 41;reversed;12
2810;17h 41;failed;11
2811;17h 42;refunded;3
2812;17h 42;reversed;10
2813;17h 42;denied;57
2814;17h 42;approved;519
2815;17h 42;failed;21
2816;17h 43;denied;34
2817;17h 43;refunded;3
2818;17h 43;reversed;2
2819;17h 43;failed;11
2820;17h 43;approved;508
2821;17h 44;approved;535
2822;17h 44;failed;13
2823;17h 44;denied;50
2824;17h 44;reversed;13
2825;17h 45;reversed;11
2826;17h 45;approved;558
2827;17h 45;denied;39
2828;17h 45;failed;11
2829;17h 45;refunded;1
2830;17h 46;denied;46
2831;17h 46;approved;536
2832;17h 46;reversed;16
2833;17h 46;failed;11
2834;17h 46;refunded;1
2835;17h 47;approved;494
2836;17h 47;failed;15
2837;17h 47;denied;57
2838;17h 47;reversed;11
2839;17h 48;failed;7
2840;17h 48;denied;46
2841;17h 48;approved;505
2842;17h 48;reversed;12
2843;17h 48;refunded;4
2844;17h 49;failed;11
2845;17h 49;reversed;9
2846;17h 49;approved;496
2847;17h 49;denied;47
2848;17h 50;approved;501
2849;17h 50;failed;11
2850;17h 50;denied;40
2851;17h 50;reversed;3
2852;17h 51;denied;46
2853;17h 51;failed;9
2854;17h 51;approved;501
2855;17h 51;refunded;1
2856;17h 51;reversed;3
2857;17h 52;refunded;1
2858;17h 52;approved;465
2859;17h 52;denied;57
2860;17h 52;reversed;14
2861;17h 52;failed;6
2862;17h 53;approved;508
2863;17h 53;denied;48
2864;17h 53;failed;8
2865;17h 53;reversed;9
2866;17h 54;backend_reversed;5
2867;17h 54;approved;500
2868;17h 54;refunded;3
2869;17h 54;denied;34
2870;17h 54;failed;11
2871;17h 54;reversed;4
2872;17h 55;failed;13
2873;17h 55;denied;43
2874;17h 55;approved;457
2875;17h 55;reversed;9
2876;17h 56;failed;5
2877;17h 56;denied;43
2878;17h 56;approved;498
2879;17h 56;reversed;15
2880;17h 56;refunded;2
2881;17h 57;denied;50
2882;17h 57;approved;459
2883;17h 57;reversed;9
2884;17h 57;failed;12
2885;17h 58;refunded;2
2886;17h 58;denied;49
2887;17h 58;approved;470
2888;17h 58;reversed;6
2889;17h 58;failed;10
2890;17h 59;denied;45
2891;17h 59;reversed;5
2892;17h 59;failed;7
2893;17h 59;approved;484
2894;17h 59;refunded;4
2895;18h 00;approved;454
2896;18h 00;reversed;7
2897;18h 00;denied;39
2898;18h 00;failed;10
2899;18h 01;denied;49
2900;18h 01;reversed;12
2901;18h 01;approved;444
2902;18h 01;failed;7
2903;18h 01;refunded;1
2904;18h 02;reversed;9
2905;18h 02;approved;423
2906;18h 02;denied;45
2907;18h 02;refunded;3
2908;18h 02;failed;6
2909;18h 03;denied;53
2910;18h 03;reversed;5
2911;18h 03;approved;460
2912;18h 03;failed;5
2913;18h 03;refunded;3
2914;18h 04;refunded;3
2915;18h 04;reversed;6
2916;18h 04;approved;496
2917;18h 04;denied;47
2918;18h 04;failed;11
2919;18h 05;failed;11
2920;18h 05;approved;453
2921;18h 05;denied;42
2922;18h 05;reversed;7
2923;18h 06;reversed;11
2924;18h 06;failed;11
2925;18h 06;approved;413
2926;18h 06;denied;43
2927;18h 06;backend_reversed;4
2928;18h 06;refunded;1
2929;18h 07;approved;415
2930;18h 07;denied;47
2931;18h 07;failed;12
2932;18h 07;reversed;4
2933;18h 07;refunded;2
2934;18h 08;reversed;7
2935;18h 08;failed;6
2936;18h 08;approved;444
2937;18h 08;denied;43
2938;18h 08;refunded;1
2939;18h 09;failed;10
2940;18h 09;denied;43
2941;18h 09;refunded;4
2942;18h 09;backend_reversed;5
2943;18h 09;reversed;14
2944;18h 09;approved;402
2945;18h 10;denied;32
2946;18h 10;refunded;1
2947;18h 10;failed;7
2948;18h 10;approved;410
2949;18h 10;reversed;11
2950;18h 11;denied;31
2951;18h 11;refunded;3
2952;18h 11;approved;366
2953;18h 11;failed;9
2954;18h 11;reversed;6
2955;18h 12;approved;444
2956;18h 12;failed;9
2957;18h 12;denied;48
2958;18h 13;approved;410
2959;18h 13;reversed;4
2960;18h 13;failed;10
2961;18h 13;denied;38
2962;18h 14;approved;443
2963;18h 14;refunded;1
2964;18h 14;failed;8
2965;18h 14;reversed;4
2966;18h 14;denied;36
2967;18h 15;denied;45
2968;18h 15;reversed;11
2969;18h 15;failed;7
2970;18h 15;approved;406
2971;18h 16;failed;8
2972;18h 16;refunded;3
2973;18h 16;approved;382
2974;18h 16;denied;34
2975;18h 16;reversed;10
2976;18h 17;denied;33
2977;18h 17;approved;377
2978;18h 17;reversed;6
2979;18h 17;failed;4
2980;18h 17;refunded;3
2981;18h 18;failed;7
2982;18h 18;approved;444
2983;18h 18;denied;52
2984;18h 18;reversed;9
2985;18h 19;approved;399
2986;18h 19;denied;35
2987;18h 19;reversed;6
2988;18h 19;failed;5
2989;18h 20;approved;401
2990;18h 20;backend_reversed;4
2991;18h 20;denied;40
2992;18h 20;failed;8
2993;18h 20;reversed;5
2994;18h 21;refunded;1
2995;18h 21;approved;373
2996;18h 21;denied;43
2997;18h 21;reversed;1
2998;18h 21;failed;4
2999;18h 22;denied;48
3000;18h 22;approved;331
3001;18h 22;reversed;8
3002;18h 22;failed;4
3003;18h 23;approved;371
3004;18h 23;failed;7
3005;18h 23;denied;39
3006;18h 24;failed;8
3007;18h 24;approved;401
3008;18h 24;reversed;5
3009;18h 24;denied;41
3010;18h 24;refunded;3
3011;18h 25;denied;48
3012;18h 25;approved;392
3013;18h 25;reversed;3
3014;18h 25;failed;7
3015;18h 26;reversed;11
3016;18h 26;failed;5
3017;18h 26;denied;31
3018;18h 26;approved;378
3019;18h 27;reversed;6
3020;18h 27;denied;35
3021;18h 27;failed;7
3022;18h 27;approved;363
3023;18h 28;approved;349
3024;18h 28;denied;31
3025;18h 28;failed;7
3026;18h 28;reversed;4
3027;18h 28;refunded;2
3028;18h 29;approved;355
3029;18h 29;failed;8
3030;18h 29;reversed;4
3031;18h 29;backend_reversed;6
3032;18h 29;refunded;2
3033;18h 29;denied;39
3034;18h 30;denied;36
3035;18h 30;failed;11
3036;18h 30;approved;380
3037;18h 30;backend_reversed;8
3038;18h 31;backend_reversed;3
3039;18h 31;approved;354
3040;18h 31;denied;43
3041;18h 31;reversed;2
3042;18h 31;failed;5
3043;18h 32;approved;339
3044;18h 32;denied;41
3045;18h 32;failed;4
3046;18h 32;reversed;11
3047;18h 33;approved;366
3048;18h 33;reversed;2
3049;18h 33;denied;33
3050;18h 33;failed;6
3051;18h 33;backend_reversed;6
3052;18h 33;refunded;3
3053;18h 34;reversed;7
3054;18h 34;failed;6
3055;18h 34;approved;304
3056;18h 34;denied;41
3057;18h 35;approved;318
3058;18h 35;failed;7
3059;18h 35;denied;34
3060;18h 35;reversed;6
3061;18h 36;reversed;6
3062;18h 36;refunded;1
3063;18h 36;failed;5
3064;18h 36;approved;317
3065;18h 36;denied;32
3066;18h 37;reversed;7
3067;18h 37;failed;3
3068;18h 37;approved;342
3069;18h 37;denied;45
3070;18h 38;denied;35
3071;18h 38;refunded;1
3072;18h 38;approved;353
3073;18h 38;failed;5
3074;18h 38;reversed;4
3075;18h 38;backend_reversed;2
3076;18h 39;reversed;9
3077;18h 39;refunded;3
3078;18h 39;denied;41
3079;18h 39;failed;5
3080;18h 39;approved;326
3081;18h 40;approved;338
3082;18h 40;denied;35
3083;18h 40;failed;8
3084;18h 41;reversed;12
3085;18h 41;refunded;2
3086;18h 41;approved;372
3087;18h 41;denied;29
3088;18h 41;failed;8
3089;18h 42;approved;281
3090;18h 42;denied;27
3091;18h 42;failed;4
3092;18h 42;reversed;6
3093;18h 43;denied;35
3094;18h 43;reversed;1
3095;18h 43;approved;335
3096;18h 43;failed;4
3097;18h 43;refunded;2
3098;18h 44;approved;304
3099;18h 44;failed;3
3100;18h 44;denied;37
3101;18h 44;reversed;7
3102;18h 44;refunded;3
3103;18h 45;denied;33
3104;18h 45;failed;4
3105;18h 45;approved;325
3106;18h 46;denied;32
3107;18h 46;reversed;12
3108;18h 46;failed;1
3109;18h 46;approved;309
3110;18h 47;denied;38
3111;18h 47;failed;2
3112;18h 47;approved;301
3113;18h 47;backend_reversed;5
3114;18h 48;failed;4
3115;18h 48;approved;321
3116;18h 48;denied;48
3117;18h 48;refunded;1
3118;18h 48;reversed;8
3119;18h 48;backend_reversed;1
3120;18h 49;failed;6
3121;18h 49;backend_reversed;7
3122;18h 49;denied;32
3123;18h 49;approved;318
3124;18h 49;reversed;5
3125;18h 50;denied;24
3126;18h 50;failed;4
3127;18h 50;approved;272
3128;18h 50;reversed;2
3129;18h 51;denied;30
3130;18h 51;approved;268
3131;18h 51;reversed;7
3132;18h 52;approved;330
3133;18h 52;denied;46
3134;18h 52;reversed;5
3135;18h 53;approved;359
3136;18h 53;reversed;9
3137;18h 53;denied;35
3138;18h 54;approved;306
3139;18h 54;denied;30
3140;18h 54;reversed;3
3141;18h 55;denied;33
3142;18h 55;approved;297
3143;18h 56;denied;29
3144;18h 56;approved;270
3145;18h 57;approved;272
3146;18h 57;denied;24
3147;18h 58;approved;303
3148;18h 58;denied;28
3149;18h 59;approved;241
3150;18h 59;denied;12
3151;19h 00;approved;269
3152;19h 00;denied;28
3153;19h 00;reversed;11
3154;19h 01;refunded;2
3155;19h 01;denied;17
3156;19h 01;approved;256
3157;19h 02;approved;271
3158;19h 02;denied;29
3159;19h 02;reversed;11
3160;19h 03;reversed;7
3161;19h 03;denied;26
3162;19h 03;approved;269
3163;19h 04;approved;260
3164;19h 04;denied;29
3165;19h 04;reversed;5
3166;19h 05;denied;30
3167;19h 05;approved;247
3168;19h 06;approved;281
3169;19h 06;reversed;8
3170;19h 06;denied;33
3171;19h 07;approved;248
3172;19h 07;reversed;8
3173;19h 07;denied;31
3174;19h 08;denied;31
3175;19h 08;approved;246
3176;19h 09;approved;265
3177;19h 09;reversed;8
3178;19h 09;denied;24
3179;19h 10;denied;19
3180;19h 10;approved;269
3181;19h 10;reversed;13
3182;19h 11;approved;264
3183;19h 11;denied;27
3184;19h 11;reversed;5
3185;19h 12;reversed;7
3186;19h 12;denied;22
3187;19h 12;approved;243
3188;19h 13;approved;242
3189;19h 13;denied;18
3190;19h 14;approved;233
3191;19h 14;denied;38
3192;19h 14;reversed;9
3193;19h 15;reversed;5
3194;19h 15;denied;27
3195;19h 15;approved;239
3196;19h 16;denied;27
3197;19h 16;reversed;10
3198;19h 16;approved;249
3199;19h 17;denied;26
3200;19h 17;approved;256
3201;19h 17;reversed;5
3202;19h 18;approved;258
3203;19h 18;reversed;7
3204;19h 18;denied;22
3205;19h 19;denied;32
3206;19h 19;reversed;11
3207;19h 19;approved;250
3208;19h 20;reversed;7
3209;19h 20;denied;25
3210;19h 20;approved;241
3211;19h 21;approved;251
3212;19h 21;reversed;1
3213;19h 21;denied;21
3214;19h 22;approved;260
3215;19h 22;reversed;2
3216;19h 22;denied;18
3217;19h 23;approved;245
3218;19h 23;denied;22
3219;19h 23;reversed;10
3220;19h 24;denied;33
3221;19h 24;approved;216
3222;19h 24;failed;3
3223;19h 25;approved;228
3224;19h 25;refunded;2
3225;19h 25;reversed;7
3226;19h 25;denied;24
3227;19h 26;approved;231
3228;19h 26;denied;26
3229;19h 27;denied;21
3230;19h 27;reversed;2
3231;19h 27;refunded;3
3232;19h 27;approved;251
3233;19h 28;approved;221
3234;19h 28;refunded;3
3235;19h 28;denied;25
3236;19h 29;reversed;11
3237;19h 29;approved;200
3238;19h 29;denied;26
3239;19h 30;approved;205
3240;19h 30;denied;17
3241;19h 31;approved;197
3242;19h 31;reversed;8
3243;19h 31;denied;23
3244;19h 32;approved;241
3245;19h 32;denied;32
3246;19h 32;reversed;1
3247;19h 33;approved;243
3248;19h 33;denied;15
3249;19h 33;refunded;3
3250;19h 34;approved;206
3251;19h 34;denied;34
3252;19h 35;refunded;3
3253;19h 35;denied;27
3254;19h 35;reversed;11
3255;19h 35;approved;223
3256;19h 36;denied;19
3257;19h 36;approved;225
3258;19h 37;approved;224
3259;19h 37;denied;24
3260;19h 37;reversed;9
3261;19h 37;refunded;2
3262;19h 38;reversed;3
3263;19h 38;denied;30
3264;19h 38;approved;221
3265;19h 39;denied;21
3266;19h 39;refunded;3
3267;19h 39;approved;195
3268;19h 39;reversed;6
3269;19h 40;denied;25
3270;19h 40;refunded;3
3271;19h 40;approved;208
3272;19h 41;approved;199
3273;19h 41;denied;20
3274;19h 42;approved;182
3275;19h 42;denied;26
3276;19h 43;denied;17
3277;19h 43;approved;243
3278;19h 44;approved;208
3279;19h 44;denied;10
3280;19h 44;reversed;5
3281;19h 45;denied;23
3282;19h 45;approved;199
3283;19h 46;approved;195
3284;19h 46;denied;22
3285;19h 47;denied;18
3286;19h 47;approved;189
3287;19h 47;reversed;5
3288;19h 48;denied;19
3289;19h 48;refunded;3
3290;19h 48;approved;195
3291;19h 49;reversed;8
3292;19h 49;approved;209
3293;19h 49;denied;23
3294;19h 50;denied;24
3295;19h 50;refunded;3
3296;19h 50;approved;225
3297;19h 50;reversed;7
3298;19h 51;denied;23
3299;19h 51;approved;163
3300;19h 52;approved;211
3301;19h 52;denied;31
3302;19h 52;refunded;2
3303;19h 53;approved;184
3304;19h 53;denied;39
3305;19h 53;reversed;6
3306;19h 54;reversed;10
3307;19h 54;denied;29
3308;19h 54;approved;215
3309;19h 55;refunded;2
3310;19h 55;denied;21
3311;19h 55;approved;213
3312;19h 56;approved;189
3313;19h 56;denied;20
3314;19h 56;reversed;9
3315;19h 57;reversed;9
3316;19h 57;approved;217
3317;19h 57;denied;17
3318;19h 58;approved;206
3319;19h 58;denied;18
3320;19h 59;denied;23
3321;19h 59;reversed;12
3322;19h 59;approved;181
3323;20h 00;approved;208
3324;20h 00;denied;19
3325;20h 00;backend_reversed;1
3326;20h 01;backend_reversed;3
3327;20h 01;reversed;6
3328;20h 01;approved;185
3329;20h 01;denied;27
3330;20h 01;refunded;2
3331;20h 02;approved;211
3332;20h 02;denied;25
3333;20h 03;denied;19
3334;20h 03;reversed;1
3335;20h 03;approved;192
3336;20h 04;reversed;7
3337;20h 04;denied;25
3338;20h 04;approved;206
3339;20h 05;approved;204
3340;20h 05;reversed;12
3341;20h 05;denied;27
3342;20h 06;denied;27
3343;20h 06;approved;177
3344;20h 06;reversed;2
3345;20h 07;denied;28
3346;20h 07;reversed;3
3347;20h 07;approved;180
3348;20h 08;approved;165
3349;20h 08;denied;29
3350;20h 08;reversed;3
3351;20h 09;approved;177
3352;20h 09;reversed;9
3353;20h 09;denied;25
3354;20h 10;reversed;2
3355;20h 10;refunded;3
3356;20h 10;approved;156
3357;20h 10;denied;19
3358;20h 11;denied;18
3359;20h 11;reversed;4
3360;20h 11;approved;211
3361;20h 12;denied;20
3362;20h 12;approved;202
3363;20h 13;denied;27
3364;20h 13;approved;180
3365;20h 13;reversed;6
3366;20h 14;refunded;2
3367;20h 14;denied;21
3368;20h 14;approved;161
3369;20h 14;reversed;6
3370;20h 15;approved;199
3371;20h 15;denied;17
3372;20h 15;reversed;10
3373;20h 16;denied;20
3374;20h 16;reversed;7
3375;20h 16;approved;176
3376;20h 16;backend_reversed;4
3377;20h 17;approved;177
3378;20h 17;denied;27
3379;20h 17;reversed;7
3380;20h 18;denied;21
3381;20h 18;approved;177
3382;20h 18;refunded;1
3383;20h 18;reversed;11
3384;20h 19;approved;160
3385;20h 19;reversed;4
3386;20h 19;denied;33
3387;20h 20;denied;14
3388;20h 20;approved;164
3389;20h 21;denied;25
3390;20h 21;approved;171
3391;20h 21;reversed;3
3392;20h 22;approved;146
3393;20h 22;denied;21
3394;20h 22;reversed;4
3395;20h 23;refunded;2
3396;20h 23;denied;31
3397;20h 23;approved;189
3398;20h 23;reversed;6
3399;20h 24;approved;176
3400;20h 24;denied;19
3401;20h 24;reversed;9
3402;20h 25;approved;175
3403;20h 25;denied;12
3404;20h 26;approved;160
3405;20h 26;reversed;9
3406;20h 26;denied;17
3407;20h 27;refunded;1
3408;20h 27;approved;198
3409;20h 27;denied;21
3410;20h 28;approved;182
3411;20h 28;reversed;7
3412;20h 28;denied;24
3413;20h 29;denied;16
3414;20h 29;approved;188
3415;20h 29;reversed;6
3416;20h 30;approved;159
3417;20h 30;denied;28
3418;20h 30;reversed;10
3419;20h 31;approved;157
3420;20h 31;reversed;6
3421;20h 31;denied;21
3422;20h 32;reversed;5
3423;20h 32;refunded;2
3424;20h 32;denied;22
3425;20h 32;approved;182
3426;20h 33;denied;22
3427;20h 33;reversed;3
3428;20h 33;approved;178
3429;20h 34;approved;174
3430;20h 34;denied;14
3431;20h 35;approved;185
3432;20h 35;denied;20
3433;20h 36;denied;17
3434;20h 36;approved;166
3435;20h 37;denied;16
3436;20h 37;reversed;2
3437;20h 37;approved;150
3438;20h 38;approved;150
3439;20h 38;reversed;6
3440;20h 38;denied;22
3441;20h 39;approved;152
3442;20h 39;denied;28
3443;20h 40;approved;164
3444;20h 40;denied;21
3445;20h 41;reversed;12
3446;20h 41;denied;27
3447;20h 41;approved;159
3448;20h 42;denied;23
3449;20h 42;approved;146
3450;20h 42;reversed;2
3451;20h 43;approved;147
3452;20h 43;denied;28
3453;20h 43;refunded;2
3454;20h 44;denied;17
3455;20h 44;approved;177
3456;20h 44;refunded;2
3457;20h 45;denied;15
3458;20h 45;approved;155
3459;20h 45;reversed;4
3460;20h 46;denied;20
3461;20h 46;approved;181
3462;20h 46;reversed;10
3463;20h 47;approved;160
3464;20h 47;denied;17
3465;20h 47;reversed;2
3466;20h 48;reversed;11
3467;20h 48;approved;131
3468;20h 48;denied;16
3469;20h 49;approved;138
3470;20h 49;reversed;7
3471;20h 49;denied;20
3472;20h 49;refunded;1
3473;20h 50;approved;147
3474;20h 50;denied;15
3475;20h 51;denied;24
3476;20h 51;approved;166
3477;20h 51;reversed;8
3478;20h 52;approved;173
3479;20h 52;denied;11
3480;20h 52;reversed;1
3481;20h 53;approved;139
3482;20h 53;denied;15
3483;20h 54;denied;14
3484;20h 54;approved;142
3485;20h 55;approved;147
3486;20h 55;denied;16
3487;20h 55;reversed;2
3488;20h 56;approved;146
3489;20h 56;denied;20
3490;20h 56;reversed;6
3491;20h 57;denied;22
3492;20h 57;approved;163
3493;20h 57;reversed;6
3494;20h 58;denied;15
3495;20h 58;approved;140
3496;20h 59;denied;18
3497;20h 59;approved;149
3498;20h 59;reversed;2
3499;21h 00;approved;153
3500;21h 00;denied;18
3501;21h 00;reversed;5
3502;21h 01;denied;23
3503;21h 01;reversed;10
3504;21h 01;approved;146
3505;21h 02;approved;160
3506;21h 02;reversed;9
3507;21h 02;denied;17
3508;21h 03;denied;15
3509;21h 03;reversed;5
3510;21h 03;approved;151
3511;21h 04;reversed;1
3512;21h 04;approved;129
3513;21h 04;denied;11
3514;21h 05;approved;138
3515;21h 05;denied;23
3516;21h 05;reversed;6
3517;21h 06;denied;12
3518;21h 06;approved;117
3519;21h 06;reversed;4
3520;21h 07;denied;17
3521;21h 07;approved;159
3522;21h 07;reversed;8
3523;21h 08;denied;26
3524;21h 08;reversed;13
3525;21h 08;approved;154
3526;21h 09;approved;159
3527;21h 09;reversed;10
3528;21h 09;refunded;3
3529;21h 09;denied;15
3530;21h 10;denied;16
3531;21h 10;approved;137
3532;21h 11;denied;14
3533;21h 11;reversed;8
3534;21h 11;approved;163
3535;21h 12;denied;16
3536;21h 12;reversed;4
3537;21h 12;approved;136
3538;21h 13;denied;18
3539;21h 13;approved;134
3540;21h 14;approved;154
3541;21h 14;denied;9
3542;21h 15;denied;12
3543;21h 15;approved;134
3544;21h 15;refunded;3
3545;21h 16;denied;12
3546;21h 16;reversed;7
3547;21h 16;approved;118
3548;21h 17;reversed;8
3549;21h 17;approved;154
3550;21h 17;denied;15
3551;21h 18;denied;18
3552;21h 18;approved;165
3553;21h 19;denied;14
3554;21h 19;reversed;6
3555;21h 19;approved;146
3556;21h 20;denied;13
3557;21h 20;reversed;3
3558;21h 20;approved;148
3559;21h 21;approved;147
3560;21h 21;denied;17
3561;21h 21;reversed;7
3562;21h 22;approved;150
3563;21h 22;denied;19
3564;21h 23;refunded;1
3565;21h 23;denied;16
3566;21h 23;reversed;2
3567;21h 23;approved;151
3568;21h 24;reversed;6
3569;21h 24;approved;139
3570;21h 24;denied;6
3571;21h 24;refunded;2
3572;21h 25;backend_reversed;7
3573;21h 25;approved;131
3574;21h 25;denied;17
3575;21h 25;reversed;10
3576;21h 26;denied;15
3577;21h 26;reversed;2
3578;21h 26;approved;125
3579;21h 27;reversed;4
3580;21h 27;denied;12
3581;21h 27;approved;121
3582;21h 28;approved;141
3583;21h 28;denied;16
3584;21h 28;reversed;8
3585;21h 29;approved;147
3586;21h 29;denied;16
3587;21h 30;approved;136
3588;21h 30;denied;8
3589;21h 31;denied;5
3590;21h 31;reversed;8
3591;21h 31;approved;118
3592;21h 32;approved;108
3593;21h 32;denied;8
3594;21h 33;denied;19
3595;21h 33;approved;132
3596;21h 33;refunded;3
3597;21h 34;denied;10
3598;21h 34;approved;140
3599;21h 34;refunded;2
3600;21h 35;denied;12
3601;21h 35;approved;105
3602;21h 36;denied;16
3603;21h 36;approved;103
3604;21h 37;approved;144
3605;21h 37;refunded;1
3606;21h 37;denied;13
3607;21h 38;approved;132
3608;21h 38;denied;19
3609;21h 39;denied;6
3610;21h 39;approved;138
3611;21h 40;approved;128
3612;21h 40;denied;11
3613;21h 41;denied;12
3614;21h 41;reversed;6
3615;21h 41;approved;122
3616;21h 41;refunded;3
3617;21h 42;denied;15
3618;21h 42;approved;97
3619;21h 42;reversed;9
3620;21h 43;denied;21
3621;21h 43;approved;113
3622;21h 44;denied;10
3623;21h 44;reversed;3
3624;21h 44;approved;132
3625;21h 45;approved;94
3626;21h 45;denied;9
3627;21h 46;denied;14
3628;21h 46;reversed;9
3629;21h 46;approved;101
3630;21h 47;denied;9
3631;21h 47;approved;142
3632;21h 48;approved;129
3633;21h 48;reversed;1
3634;21h 48;denied;13
3635;21h 49;approved;95
3636;21h 49;refunded;1
3637;21h 49;denied;10
3638;21h 50;approved;116
3639;21h 50;denied;14
3640;21h 51;approved;149
3641;21h 51;denied;13
3642;21h 51;reversed;10
3643;21h 52;denied;17
3644;21h 52;approved;123
3645;21h 52;reversed;2
3646;21h 53;denied;12
3647;21h 53;approved;143
3648;21h 54;denied;16
3649;21h 54;approved;123
3650;21h 55;denied;17
3651;21h 55;approved;123
3652;21h 56;approved;131
3653;21h 56;denied;22
3654;21h 56;reversed;4
3655;21h 57;approved;102
3656;21h 57;denied;18
3657;21h 58;approved;119
3658;21h 58;denied;25
3659;21h 58;reversed;8
3660;21h 59;approved;113
3661;21h 59;denied;22
3662;22h 00;approved;124
3663;22h 00;denied;11
3664;22h 01;denied;13
3665;22h 01;approved;119
3666;22h 01;reversed;3
3667;22h 02;reversed;8
3668;22h 02;refunded;1
3669;22h 02;approved;111
3670;22h 02;denied;15
3671;22h 03;approved;115
3672;22h 03;denied;15
3673;22h 03;refunded;3
3674;22h 04;denied;10
3675;22h 04;approved;103
3676;22h 05;approved;116
3677;22h 05;denied;17
3678;22h 06;approved;116
3679;22h 06;denied;13
3680;22h 06;reversed;8
3681;22h 07;failed;3
3682;22h 07;approved;124
3683;22h 07;denied;10
3684;22h 08;approved;124
3685;22h 08;denied;14
3686;22h 09;reversed;4
3687;22h 09;denied;11
3688;22h 09;approved;89
3689;22h 10;approved;113
3690;22h 10;denied;19
3691;22h 11;denied;12
3692;22h 11;approved;123
3693;22h 12;denied;20
3694;22h 12;approved;105
3695;22h 13;approved;100
3696;22h 13;denied;19
3697;22h 13;reversed;11
3698;22h 14;approved;111
3699;22h 14;denied;12
3700;22h 14;reversed;2
3701;22h 15;denied;16
3702;22h 15;reversed;3
3703;22h 15;approved;98
3704;22h 16;approved;122
3705;22h 16;denied;19
3706;22h 16;refunded;1
3707;22h 17;denied;19
3708;22h 17;reversed;9
3709;22h 17;approved;120
3710;22h 18;approved;100
3711;22h 18;denied;16
3712;22h 19;approved;101
3713;22h 19;denied;15
3714;22h 19;reversed;9
3715;22h 20;approved;120
3716;22h 20;denied;15
3717;22h 21;denied;14
3718;22h 21;approved;116
3719;22h 21;reversed;5
3720;22h 22;reversed;9
3721;22h 22;approved;118
3722;22h 22;denied;15
3723;22h 23;denied;10
3724;22h 23;approved;89
3725;22h 23;backend_reversed;5
3726;22h 24;reversed;12
3727;22h 24;denied;8
3728;22h 24;approved;95
3729;22h 25;denied;8
3730;22h 25;reversed;5
3731;22h 25;approved;101
3732;22h 26;denied;16
3733;22h 26;approved;83
3734;22h 27;denied;11
3735;22h 27;approved;80
3736;22h 28;approved;85
3737;22h 28;reversed;2
3738;22h 28;denied;14
3739;22h 29;approved;97
3740;22h 29;refunded;3
3741;22h 29;denied;17
3742;22h 30;denied;14
3743;22h 30;approved;100
3744;22h 30;backend_reversed;3
3745;22h 31;approved;106
3746;22h 31;denied;14
3747;22h 32;reversed;3
3748;22h 32;approved;100
3749;22h 32;denied;16
3750;22h 33;reversed;5
3751;22h 33;denied;17
3752;22h 33;approved;91
3753;22h 34;approved;93
3754;22h 34;denied;14
3755;22h 35;denied;15
3756;22h 35;reversed;3
3757;22h 35;approved;108
3758;22h 36;denied;12
3759;22h 36;approved;105
3760;22h 37;approved;88
3761;22h 37;denied;15
3762;22h 38;approved;84
3763;22h 38;denied;18
3764;22h 39;approved;87
3765;22h 39;denied;18
3766;22h 40;approved;83
3767;22h 40;backend_reversed;1
3768;22h 40;denied;10
3769;22h 41;denied;15
3770;22h 41;approved;85
3771;22h 42;approved;87
3772;22h 42;denied;13
3773;22h 43;denied;10
3774;22h 43;approved;91
3775;22h 44;approved;90
3776;22h 44;denied;15
3777;22h 45;denied;15
3778;22h 45;approved;66
3779;22h 46;denied;15
3780;22h 46;approved;93
3781;22h 47;approved;70
3782;22h 47;denied;13
3783;22h 48;approved;87
3784;22h 48;denied;11
3785;22h 49;denied;13
3786;22h 49;approved;84
3787;22h 50;denied;14
3788;22h 50;approved;88
3789;22h 51;approved;99
3790;22h 51;denied;13
3791;22h 52;approved;56
3792;22h 52;denied;7
3793;22h 53;approved;81
3794;22h 53;denied;8
3795;22h 54;denied;16
3796;22h 54;approved;77
3797;22h 55;approved;83
3798;22h 55;denied;11
3799;22h 56;denied;7
3800;22h 56;approved;72
3801;22h 56;reversed;6
3802;22h 57;approved;76
3803;22h 57;denied;12
3804;22h 58;approved;63
3805;22h 58;refunded;2
3806;22h 58;denied;9
3807;22h 59;denied;7
3808;22h 59;approved;71
3809;23h 00;denied;15
3810;23h 00;approved;81
3811;23h 01;denied;12
3812;23h 01;approved;65
3813;23h 02;approved;87
3814;23h 02;denied;7
3815;23h 03;denied;11
3816;23h 03;approved;74
3817;23h 04;approved;66
3818;23h 04;denied;12
3819;23h 05;denied;8
3820;23h 05;approved;87
3821;23h 06;denied;12
3822;23h 06;approved;50
3823;23h 07;approved;80
3824;23h 07;denied;8
3825;23h 08;denied;8
3826;23h 08;approved;64
3827;23h 09;denied;13
3828;23h 09;approved;64
3829;23h 10;denied;13
3830;23h 10;approved;48
3831;23h 10;reversed;3
3832;23h 11;approved;86
3833;23h 11;denied;8
3834;23h 12;approved;72
3835;23h 12;denied;10
3836;23h 12;refunded;1
3837;23h 13;denied;14
3838;23h 13;approved;69
3839;23h 14;denied;10
3840;23h 14;approved;74
3841;23h 15;approved;60
3842;23h 15;denied;10
3843;23h 16;denied;12
3844;23h 16;approved;63
3845;23h 17;denied;14
3846;23h 17;reversed;5
3847;23h 17;approved;57
3848;23h 18;denied;8
3849;23h 18;approved;76
3850;23h 19;denied;7
3851;23h 19;approved;73
3852;23h 20;denied;8
3853;23h 20;approved;56
3854;23h 20;backend_reversed;7
3855;23h 20;reversed;4
3856;23h 21;denied;9
3857;23h 21;backend_reversed;7
3858;23h 21;approved;73
3859;23h 22;approved;93
3860;23h 22;denied;12
3861;23h 22;backend_reversed;1
3862;23h 22;reversed;5
3863;23h 23;denied;14
3864;23h 23;approved;49
3865;23h 23;backend_reversed;5
3866;23h 24;reversed;3
3867;23h 24;approved;62
3868;23h 24;denied;13
3869;23h 25;approved;68
3870;23h 25;denied;16
3871;23h 26;denied;14
3872;23h 26;approved;54
3873;23h 27;approved;59
3874;23h 27;denied;12
3875;23h 28;approved;58
3876;23h 28;denied;10
3877;23h 29;approved;63
3878;23h 29;denied;3
3879;23h 30;denied;4
3880;23h 30;approved;67
3881;23h 31;denied;7
3882;23h 31;approved;48
3883;23h 32;denied;9
3884;23h 32;approved;67
3885;23h 33;approved;64
3886;23h 33;denied;11
3887;23h 34;approved;47
3888;23h 34;denied;5
3889;23h 35;denied;9
3890;23h 35;approved;46
3891;23h 36;denied;9
3892;23h 36;approved;51
3893;23h 37;denied;6
3894;23h 37;approved;44
3895;23h 38;approved;34
3896;23h 38;denied;4
3897;23h 38;reversed;11
3898;23h 39;approved;44
3899;23h 39;denied;10
3900;23h 40;denied;3
3901;23h 40;approved;51
3902;23h 41;denied;6
3903;23h 41;approved;32
3904;23h 42;denied;7
3905;23h 42;approved;34
3906;23h 43;denied;7
3907;23h 43;approved;53
3908;23h 43;reversed;5
3909;23h 44;approved;45
3910;23h 44;denied;9
3911;23h 45;denied;9
3912;23h 45;approved;67
3913;23h 46;denied;3
3914;23h 46;approved;29
3915;23h 47;approved;48
3916;23h 47;denied;5
3917;23h 48;denied;8
3918;23h 48;approved;74
3919;23h 49;approved;58
3920;23h 49;denied;11
3921;23h 50;approved;41
3922;23h 50;denied;11
3923;23h 50;reversed;11
3924;23h 51;denied;9
3925;23h 51;approved;47
3926;23h 52;approved;44
3927;23h 52;denied;10
3928;23h 53;approved;59
3929;23h 53;denied;9
3930;23h 53;refunded;1
3931;23h 54;approved;40
3932;23h 54;refunded;1
3933;23h 54;denied;4
3934;23h 55;approved;50
3935;23h 55;denied;12
3936;23h 56;denied;10
3937;23h 56;approved;63
3938;23h 57;approved;50
3939;23h 57;denied;14
3940;23h 58;denied;5
3941;23h 58;approved;47
3942;23h 59;denied;10
3943;23h 59;approved;66
